detection_id,symbol,reason,tier,pivot_dist,target_new,target_legacy,target_code,breakout_price
bump_and_run_reversal_bottoms:000001,AAA,ok,standard,223.0,6.86,5.22,5.22,4.59
bump_and_run_reversal_bottoms:000002,AAA,ok,premium,166.0,18.91,13.21,13.21,11.19
bump_and_run_reversal_bottoms:000003,AAA,ok,standard,32.0,13.21,12.2,12.2,13.65
bump_and_run_reversal_bottoms:000004,AAM,no_pivot_fits_lead_in,loose,,,6.45,6.45,5.55
bump_and_run_reversal_bottoms:000005,AAM,ok,standard,6.0,11.72,11.72,11.72,10.01
bump_and_run_reversal_bottoms:000006,AAS,ok,standard,92.0,9.8,7.8,7.8,7.1
bump_and_run_reversal_bottoms:000007,AAT,ok,standard,13.0,6.84,6.59,6.59,5.06
bump_and_run_reversal_bottoms:000008,AAT,ok,standard,21.0,3.69,3.69,3.69,3.01
bump_and_run_reversal_bottoms:000009,ABC,no_pivot_fits_lead_in,data_limited,,,16.08,16.08,13.28
bump_and_run_reversal_bottoms:000010,ABC,ok,premium,46.0,22.68,15.3,15.3,12.14
bump_and_run_reversal_bottoms:000011,ABC,ok,standard,19.0,8.45,8.45,8.45,7.1
bump_and_run_reversal_bottoms:000012,ABC,ok,standard,30.0,18.22,17.87,17.87,14.27
bump_and_run_reversal_bottoms:000013,ABC,ok,standard,35.0,15.71,13.89,13.89,12.26
bump_and_run_reversal_bottoms:000014,ABI,ok,data_limited,13.0,10.11,9.35,9.35,7.71
bump_and_run_reversal_bottoms:000015,ABI,ok,premium,14.0,20.51,20.01,20.01,17.19
bump_and_run_reversal_bottoms:000016,ABR,ok,standard,1.0,10.35,10.35,10.35,8.97
bump_and_run_reversal_bottoms:000017,ABS,ok,premium,29.0,6.54,6.31,6.31,5.39
bump_and_run_reversal_bottoms:000018,ABS,ok,standard,75.0,5.69,4.54,4.54,3.95
bump_and_run_reversal_bottoms:000019,ABS,ok,premium,11.0,4.38,4.1,4.1,3.64
bump_and_run_reversal_bottoms:000020,ABT,ok,data_limited,6.0,25.08,25.08,25.08,20.22
bump_and_run_reversal_bottoms:000021,ACB,ok,standard,10.0,2.18,2.14,2.14,1.95
bump_and_run_reversal_bottoms:000022,ACB,no_pivot_fits_lead_in,premium,,,8.58,8.58,6.99
bump_and_run_reversal_bottoms:000023,ACB,ok,premium,110.0,14.69,12.78,12.78,11.26
bump_and_run_reversal_bottoms:000024,ACC,ok,data_limited,25.0,6.58,6.05,6.05,5.38
bump_and_run_reversal_bottoms:000025,ACC,ok,standard,3.0,7.17,7.03,7.03,6.16
bump_and_run_reversal_bottoms:000026,ACE,ok,premium,29.0,11.63,10.83,10.83,9.78
bump_and_run_reversal_bottoms:000027,ACE,no_pivot_fits_lead_in,data_limited,,,29.22,29.22,24.49
bump_and_run_reversal_bottoms:000028,ACE,no_pivot_fits_lead_in,data_limited,,,47.6,47.6,38.0
bump_and_run_reversal_bottoms:000029,ACL,ok,data_limited,29.0,3.75,3.43,3.43,2.86
bump_and_run_reversal_bottoms:000030,ACL,ok,data_limited,35.0,3.49,3.38,3.38,2.9
bump_and_run_reversal_bottoms:000031,ACL,ok,premium,6.0,16.15,14.45,14.45,12.0
bump_and_run_reversal_bottoms:000032,ACL,ok,data_limited,1.0,14.4,14.4,14.4,13.05
bump_and_run_reversal_bottoms:000033,ACS,no_pivot_fits_lead_in,data_limited,,,13.2,13.2,11.2
bump_and_run_reversal_bottoms:000034,ACS,ok,data_limited,84.0,14.0,10.0,10.0,7.4
bump_and_run_reversal_bottoms:000035,ACV,ok,premium,10.0,58.25,51.95,51.95,45.87
bump_and_run_reversal_bottoms:000036,ADG,ok,premium,35.0,23.0,20.2,20.2,17.3
bump_and_run_reversal_bottoms:000037,ADG,ok,standard,32.0,11.95,11.6,11.6,10.3
bump_and_run_reversal_bottoms:000038,ADG,ok,data_limited,13.0,9.93,9.93,9.93,8.4
bump_and_run_reversal_bottoms:000039,ADP,no_pivot_fits_lead_in,data_limited,,,16.86,16.86,12.23
bump_and_run_reversal_bottoms:000040,ADS,ok,standard,20.0,5.94,5.61,5.61,4.28
bump_and_run_reversal_bottoms:000041,AFX,cut_by_search_cap,standard,,,16.0,16.0,9.6
bump_and_run_reversal_bottoms:000042,AFX,ok,loose,50.0,9.6,9.3,9.3,7.8
bump_and_run_reversal_bottoms:000043,AG1,ok,standard,57.0,8.26,6.38,6.38,5.12
bump_and_run_reversal_bottoms:000044,AG1,ok,data_limited,15.0,6.45,6.06,6.06,4.88
bump_and_run_reversal_bottoms:000045,AGF,no_pivot_fits_lead_in,standard,,,29.68,29.68,27.0
bump_and_run_reversal_bottoms:000046,AGF,ok,standard,27.0,13.56,11.63,11.63,10.53
bump_and_run_reversal_bottoms:000047,AGF,ok,standard,19.0,11.22,10.04,10.04,9.05
bump_and_run_reversal_bottoms:000048,AGF,no_pivot_fits_lead_in,data_limited,,,3.3,3.3,2.6
bump_and_run_reversal_bottoms:000049,AGG,ok,standard,24.0,28.69,26.33,26.33,24.73
bump_and_run_reversal_bottoms:000050,AGG,cut_by_search_cap,premium,,,28.8,28.8,20.0
bump_and_run_reversal_bottoms:000051,AGG,ok,premium,16.0,21.52,20.2,20.2,18.56
bump_and_run_reversal_bottoms:000052,AGG,ok,data_limited,17.0,13.25,12.85,12.85,11.75
bump_and_run_reversal_bottoms:000053,AGM,no_pivot_fits_lead_in,data_limited,,,9.36,9.36,7.96
bump_and_run_reversal_bottoms:000054,AGM,ok,data_limited,46.0,8.96,8.03,8.03,7.3
bump_and_run_reversal_bottoms:000055,AGM,ok,data_limited,24.0,8.67,8.67,8.67,7.6
bump_and_run_reversal_bottoms:000056,AGP,no_pivot_fits_lead_in,data_limited,,,8.72,8.72,7.52
bump_and_run_reversal_bottoms:000057,AGR,ok,standard,32.0,6.99,5.95,5.95,5.44
bump_and_run_reversal_bottoms:000058,AGR,ok,standard,31.0,6.99,5.95,5.95,5.09
bump_and_run_reversal_bottoms:000059,AIC,ok,standard,4.0,17.9,17.0,17.0,14.6
bump_and_run_reversal_bottoms:000060,AIC,ok,standard,41.0,13.1,12.8,12.8,11.3
bump_and_run_reversal_bottoms:000061,ALT,cut_by_search_cap,data_limited,,,5.7,5.7,4.72
bump_and_run_reversal_bottoms:000062,ALT,no_pivot_fits_lead_in,data_limited,,,21.725,21.73,16.7
bump_and_run_reversal_bottoms:000063,AMD,ok,premium,29.0,7.3,4.94,4.94,3.36
bump_and_run_reversal_bottoms:000064,AME,cut_by_search_cap,data_limited,,,7.8,7.8,6.6
bump_and_run_reversal_bottoms:000065,AME,ok,standard,20.0,17.2,13.2,13.2,10.8
bump_and_run_reversal_bottoms:000066,AMS,ok,standard,23.0,7.61,7.28,7.28,6.53
bump_and_run_reversal_bottoms:000067,AMS,ok,standard,6.0,9.71,9.71,9.71,6.7
bump_and_run_reversal_bottoms:000068,AMS,ok,standard,25.0,10.0,10.0,10.0,7.5
bump_and_run_reversal_bottoms:000069,AMV,ok,standard,28.0,7.89,6.95,6.95,5.97
bump_and_run_reversal_bottoms:000070,AMV,ok,standard,29.0,16.18,15.12,15.12,12.83
bump_and_run_reversal_bottoms:000071,AMV,ok,standard,55.0,16.18,14.1,14.1,11.89
bump_and_run_reversal_bottoms:000072,AMV,ok,premium,28.0,13.98,13.09,13.09,8.79
bump_and_run_reversal_bottoms:000073,ANT,no_pivot_before_lead_start,data_limited,,,7.09,7.09,6.15
bump_and_run_reversal_bottoms:000074,ANT,ok,standard,19.0,40.1,39.12,39.12,30.32
bump_and_run_reversal_bottoms:000075,ANV,ok,standard,17.0,1.76,1.66,1.66,1.42
bump_and_run_reversal_bottoms:000076,ANV,ok,standard,31.0,1.57,1.52,1.52,1.21
bump_and_run_reversal_bottoms:000077,ANV,ok,premium,71.0,12.69,10.65,10.65,7.74
bump_and_run_reversal_bottoms:000078,ANV,ok,premium,17.0,20.67,18.54,18.54,15.34
bump_and_run_reversal_bottoms:000079,APC,ok,premium,29.0,12.65,11.8,11.8,9.73
bump_and_run_reversal_bottoms:000080,APC,ok,data_limited,72.0,9.9,7.5,7.5,6.5
bump_and_run_reversal_bottoms:000081,APC,no_pivot_fits_lead_in,standard,,,9.1,9.1,7.3
bump_and_run_reversal_bottoms:000082,APF,no_pivot_fits_lead_in,standard,,,47.82,47.82,40.46
bump_and_run_reversal_bottoms:000083,APG,ok,data_limited,65.0,2.57,2.24,2.24,2.13
bump_and_run_reversal_bottoms:000084,APG,ok,data_limited,13.0,3.5,3.5,3.5,2.3
bump_and_run_reversal_bottoms:000085,APG,ok,standard,29.0,3.58,3.46,3.46,3.05
bump_and_run_reversal_bottoms:000086,APG,ok,premium,12.0,15.5,15.05,15.05,11.75
bump_and_run_reversal_bottoms:000087,API,ok,standard,2.0,14.87,14.87,14.87,12.94
bump_and_run_reversal_bottoms:000088,API,ok,premium,52.0,9.6,8.8,8.8,7.2
bump_and_run_reversal_bottoms:000089,API,no_pivot_fits_lead_in,standard,,,11.0,11.0,7.4
bump_and_run_reversal_bottoms:000090,APP,ok,standard,36.0,7.9,6.3,6.3,5.5
bump_and_run_reversal_bottoms:000091,APS,ok,standard,85.0,6.52,4.66,4.66,4.0
bump_and_run_reversal_bottoms:000092,APS,cut_by_search_cap,standard,,,8.1,8.1,6.8
bump_and_run_reversal_bottoms:000093,APS,ok,standard,35.0,8.8,8.0,8.0,6.3
bump_and_run_reversal_bottoms:000094,ARM,ok,data_limited,14.0,12.65,12.2,12.2,10.84
bump_and_run_reversal_bottoms:000095,ASG,ok,data_limited,38.0,26.36,25.05,25.05,22.82
bump_and_run_reversal_bottoms:000096,ASM,no_pivot_fits_lead_in,standard,,,4.11,4.11,3.38
bump_and_run_reversal_bottoms:000097,ASM,ok,premium,61.0,4.22,3.91,3.91,3.17
bump_and_run_reversal_bottoms:000098,ASM,ok,premium,2.0,8.23,8.23,8.23,6.79
bump_and_run_reversal_bottoms:000099,ASP,no_pivot_fits_lead_in,data_limited,,,5.31,5.31,4.94
bump_and_run_reversal_bottoms:000100,ASP,ok,standard,27.0,6.8,6.45,6.45,5.12
bump_and_run_reversal_bottoms:000101,ASP,ok,standard,30.0,5.25,5.08,5.08,4.6
bump_and_run_reversal_bottoms:000102,ASP,ok,standard,7.0,5.05,4.95,4.95,4.22
bump_and_run_reversal_bottoms:000103,AST,ok,premium,95.0,64.45,43.28,43.28,33.77
bump_and_run_reversal_bottoms:000104,ATA,ok,data_limited,65.0,2.0,1.3,1.3,1.0
bump_and_run_reversal_bottoms:000105,ATS,no_pivot_fits_lead_in,data_limited,,,36.6,36.6,25.5
bump_and_run_reversal_bottoms:000106,AVC,ok,standard,10.0,62.64,62.64,62.64,51.74
bump_and_run_reversal_bottoms:000107,BAB,ok,standard,3.0,12.95,12.95,12.95,9.97
bump_and_run_reversal_bottoms:000108,BAX,no_pivot_fits_lead_in,standard,,,29.29,29.29,24.14
bump_and_run_reversal_bottoms:000109,BAX,ok,data_limited,56.0,69.74,65.88,65.88,61.95
bump_and_run_reversal_bottoms:000110,BAX,ok,data_limited,85.0,65.88,54.63,54.63,50.47
bump_and_run_reversal_bottoms:000111,BAX,ok,standard,196.0,65.88,53.58,53.58,39.63
bump_and_run_reversal_bottoms:000112,BBM,ok,data_limited,51.0,13.55,10.904,10.9,7.63
bump_and_run_reversal_bottoms:000113,BBM,ok,data_limited,182.0,15.126,11.211,11.21,6.26
bump_and_run_reversal_bottoms:000114,BBS,ok,data_limited,6.0,7.98,7.3,7.3,6.6
bump_and_run_reversal_bottoms:000115,BBS,no_pivot_fits_lead_in,data_limited,,,7.93,7.93,6.9
bump_and_run_reversal_bottoms:000116,BBS,no_pivot_fits_lead_in,data_limited,,,12.5,12.5,11.39
bump_and_run_reversal_bottoms:000117,BBT,ok,data_limited,89.0,11.24,6.4,6.4,5.45
bump_and_run_reversal_bottoms:000118,BCA,ok,standard,164.0,12.1,5.5,5.5,4.6
bump_and_run_reversal_bottoms:000119,BCA,ok,standard,232.0,22.7,13.0,13.0,11.1
bump_and_run_reversal_bottoms:000120,BCA,ok,premium,20.0,12.4,10.8,10.8,9.7
bump_and_run_reversal_bottoms:000121,BCC,no_pivot_fits_lead_in,standard,,,12.88,12.88,10.14
bump_and_run_reversal_bottoms:000122,BCC,ok,standard,79.0,7.55,6.07,6.07,5.58
bump_and_run_reversal_bottoms:000123,BCC,no_pivot_fits_lead_in,premium,,,27.34,27.34,21.11
bump_and_run_reversal_bottoms:000124,BCE,ok,premium,38.0,3.5,2.94,2.94,2.64
bump_and_run_reversal_bottoms:000125,BCG,ok,standard,50.0,4.217,3.859,3.859,3.195
bump_and_run_reversal_bottoms:000126,BCM,no_pivot_before_lead_start,premium,,,24.27,24.27,13.93
bump_and_run_reversal_bottoms:000127,BCM,ok,premium,27.0,57.07,53.99,53.99,47.03
bump_and_run_reversal_bottoms:000128,BCM,no_pivot_fits_lead_in,standard,,,96.47,96.47,75.36
bump_and_run_reversal_bottoms:000129,BCM,ok,premium,17.0,71.76,71.76,71.76,67.04
bump_and_run_reversal_bottoms:000130,BCP,no_pivot_before_lead_start,data_limited,,,7.868,7.87,5.34
bump_and_run_reversal_bottoms:000131,BCP,ok,data_limited,92.0,11.6,10.9,10.9,9.4
bump_and_run_reversal_bottoms:000132,BCP,no_pivot_fits_lead_in,data_limited,,,11.2,11.2,8.7
bump_and_run_reversal_bottoms:000133,BCR,ok,standard,31.0,10.144,6.183,6.183,5.507
bump_and_run_reversal_bottoms:000134,BCR,ok,standard,27.0,6.0,5.5,5.5,4.5
bump_and_run_reversal_bottoms:000135,BDG,ok,data_limited,37.0,12.47,9.66,9.66,8.22
bump_and_run_reversal_bottoms:000136,BDG,ok,data_limited,4.0,38.54,38.27,38.27,34.86
bump_and_run_reversal_bottoms:000137,BDT,ok,standard,41.0,12.1,9.4,9.4,7.4
bump_and_run_reversal_bottoms:000138,BFC,ok,standard,36.0,17.8,15.67,15.67,13.75
bump_and_run_reversal_bottoms:000139,BGE,ok,data_limited,187.0,12.1,6.6,6.6,4.7
bump_and_run_reversal_bottoms:000140,BHA,ok,standard,15.0,27.78,27.59,27.59,25.5
bump_and_run_reversal_bottoms:000141,BHC,no_pivot_fits_lead_in,data_limited,,,2.2,2.2,1.6
bump_and_run_reversal_bottoms:000142,BHC,ok,data_limited,196.0,2.5,1.8,1.8,1.4
bump_and_run_reversal_bottoms:000143,BHN,ok,data_limited,17.0,38.67,38.52,38.52,36.29
bump_and_run_reversal_bottoms:000144,BIC,ok,standard,34.0,13.94,11.93,11.93,10.39
bump_and_run_reversal_bottoms:000145,BIC,no_pivot_fits_lead_in,standard,,,15.6,15.6,13.31
bump_and_run_reversal_bottoms:000146,BID,ok,standard,7.0,7.135,7.135,7.62,6.31
bump_and_run_reversal_bottoms:000147,BID,ok,premium,14.0,30.198,26.641,28.46,24.13
bump_and_run_reversal_bottoms:000148,BID,no_pivot_fits_lead_in,standard,,,33.217,35.49,30.76
bump_and_run_reversal_bottoms:000149,BIG,cut_by_search_cap,loose,,,7.97,7.97,6.24
bump_and_run_reversal_bottoms:000150,BKC,ok,data_limited,6.0,6.02,6.02,6.02,4.7
bump_and_run_reversal_bottoms:000151,BKC,no_pivot_fits_lead_in,data_limited,,,3.19,3.19,2.88
bump_and_run_reversal_bottoms:000152,BKC,no_pivot_fits_lead_in,data_limited,,,2.84,2.84,2.29
bump_and_run_reversal_bottoms:000153,BKG,ok,premium,79.0,3.6,3.33,3.33,2.91
bump_and_run_reversal_bottoms:000154,BKG,ok,standard,56.0,3.56,3.2,3.2,2.68
bump_and_run_reversal_bottoms:000155,BLF,ok,data_limited,1.0,8.64,8.64,8.64,7.55
bump_and_run_reversal_bottoms:000156,BLF,no_pivot_fits_lead_in,loose,,,6.4,6.4,4.3
bump_and_run_reversal_bottoms:000157,BLI,no_pivot_fits_lead_in,data_limited,,,5.18,5.18,4.53
bump_and_run_reversal_bottoms:000158,BLI,cut_by_search_cap,standard,,,13.5,13.5,10.0
bump_and_run_reversal_bottoms:000159,BLT,ok,standard,59.0,33.37,29.96,29.96,23.52
bump_and_run_reversal_bottoms:000160,BMC,ok,standard,62.0,13.07,12.56,12.56,9.76
bump_and_run_reversal_bottoms:000161,BMC,ok,premium,5.0,25.06,22.36,22.36,18.12
bump_and_run_reversal_bottoms:000162,BMC,ok,premium,13.0,19.55,18.05,18.05,16.3
bump_and_run_reversal_bottoms:000163,BMF,ok,data_limited,164.0,12.5,6.04,6.04,5.25
bump_and_run_reversal_bottoms:000164,BMF,no_pivot_fits_lead_in,data_limited,,,7.66,7.66,7.38
bump_and_run_reversal_bottoms:000165,BMF,ok,data_limited,63.0,16.5,10.6,10.6,8.9
bump_and_run_reversal_bottoms:000166,BMI,no_pivot_fits_lead_in,standard,,,6.22,6.22,4.33
bump_and_run_reversal_bottoms:000167,BMI,no_pivot_fits_lead_in,standard,,,12.33,12.33,10.74
bump_and_run_reversal_bottoms:000168,BMI,ok,premium,7.0,32.58,32.58,32.58,26.54
bump_and_run_reversal_bottoms:000169,BMI,ok,data_limited,37.0,17.8,14.9,14.9,13.8
bump_and_run_reversal_bottoms:000170,BMJ,ok,data_limited,117.0,17.9,15.7,15.7,12.5
bump_and_run_reversal_bottoms:000171,BMP,ok,standard,158.0,43.99,33.32,33.32,24.46
bump_and_run_reversal_bottoms:000172,BMP,ok,premium,25.0,119.79,119.35,119.35,106.29
bump_and_run_reversal_bottoms:000173,BNA,ok,standard,42.0,11.6,9.7,9.7,8.4
bump_and_run_reversal_bottoms:000174,BNA,ok,standard,16.0,8.4,7.8,7.8,7.1
bump_and_run_reversal_bottoms:000175,BNA,ok,data_limited,4.0,8.7,8.7,8.7,6.4
bump_and_run_reversal_bottoms:000176,BPC,no_pivot_fits_lead_in,data_limited,,,6.596,6.596,5.488
bump_and_run_reversal_bottoms:000177,BPC,no_pivot_fits_lead_in,standard,,,15.935,15.935,12.476
bump_and_run_reversal_bottoms:000178,BQB,ok,data_limited,28.0,4.0,3.7,3.7,3.5
bump_and_run_reversal_bottoms:000179,BQB,ok,data_limited,15.0,5.2,4.9,4.9,4.1
bump_and_run_reversal_bottoms:000180,BRC,ok,data_limited,3.0,11.86,11.44,11.44,9.31
bump_and_run_reversal_bottoms:000181,BSG,ok,standard,19.0,17.0,12.6,12.6,11.0
bump_and_run_reversal_bottoms:000182,BSI,ok,standard,13.0,4.24,4.15,4.15,3.9
bump_and_run_reversal_bottoms:000183,BSI,ok,premium,11.0,8.1,7.58,7.58,6.11
bump_and_run_reversal_bottoms:000184,BSI,ok,standard,21.0,7.94,7.16,7.16,6.14
bump_and_run_reversal_bottoms:000185,BSI,ok,standard,23.0,7.15,5.84,5.84,4.94
bump_and_run_reversal_bottoms:000186,BSI,no_pivot_fits_lead_in,premium,,,36.04,36.04,25.98
bump_and_run_reversal_bottoms:000187,BSI,ok,premium,11.0,30.24,30.24,30.24,16.45
bump_and_run_reversal_bottoms:000188,BSL,ok,data_limited,249.0,9.48,7.25,7.25,6.56
bump_and_run_reversal_bottoms:000189,BSP,no_pivot_fits_lead_in,data_limited,,,10.818,10.82,9.55
bump_and_run_reversal_bottoms:000190,BSQ,ok,data_limited,162.0,23.73,18.86,18.86,16.03
bump_and_run_reversal_bottoms:000191,BSR,no_pivot_fits_lead_in,standard,,,15.05,15.05,12.86
bump_and_run_reversal_bottoms:000192,BT1,no_pivot_fits_lead_in,data_limited,,,11.16,11.16,10.38
bump_and_run_reversal_bottoms:000193,BT6,ok,data_limited,100.0,5.3,2.8,2.8,1.6
bump_and_run_reversal_bottoms:000194,BT6,ok,data_limited,3.0,2.7,2.7,2.7,2.1
bump_and_run_reversal_bottoms:000195,BT6,ok,data_limited,26.0,6.2,4.7,4.7,4.3
bump_and_run_reversal_bottoms:000196,BTB,no_pivot_fits_lead_in,data_limited,,,6.5,6.5,4.9
bump_and_run_reversal_bottoms:000197,BTD,no_pivot_fits_lead_in,premium,,,9.32,9.32,7.9
bump_and_run_reversal_bottoms:000198,BTD,ok,data_limited,13.0,11.67,11.49,11.49,9.98
bump_and_run_reversal_bottoms:000199,BTN,ok,data_limited,220.0,5.6,3.9,3.9,3.4
bump_and_run_reversal_bottoms:000200,BTP,no_pivot_fits_lead_in,standard,,,8.3,8.3,7.48
bump_and_run_reversal_bottoms:000201,BTS,ok,data_limited,43.0,8.1,7.62,7.62,6.26
bump_and_run_reversal_bottoms:000202,BTT,no_pivot_fits_lead_in,data_limited,,,29.527,29.53,24.88
bump_and_run_reversal_bottoms:000203,BTT,no_pivot_fits_lead_in,data_limited,,,37.517,37.52,35.23
bump_and_run_reversal_bottoms:000204,BTU,no_pivot_fits_lead_in,data_limited,,,12.42,13.22,11.49
bump_and_run_reversal_bottoms:000205,BTV,ok,data_limited,36.0,43.81,25.71,25.71,15.14
bump_and_run_reversal_bottoms:000206,BTW,ok,data_limited,30.0,7.49,7.13,7.13,6.17
bump_and_run_reversal_bottoms:000207,BTW,no_pivot_fits_lead_in,data_limited,,,9.88,9.88,8.68
bump_and_run_reversal_bottoms:000208,BVB,ok,standard,23.0,17.7,14.8,14.8,13.2
bump_and_run_reversal_bottoms:000209,BVB,ok,data_limited,46.0,15.1,15.1,15.1,12.4
bump_and_run_reversal_bottoms:000210,BVH,ok,standard,12.0,49.73,49.49,49.49,45.69
bump_and_run_reversal_bottoms:000211,BVH,ok,premium,5.0,45.39,45.22,45.22,39.24
bump_and_run_reversal_bottoms:000212,BVL,no_pivot_fits_lead_in,data_limited,,,33.633,33.65,27.53
bump_and_run_reversal_bottoms:000213,BVL,ok,data_limited,14.0,11.65,10.089,10.1,8.1
bump_and_run_reversal_bottoms:000214,BVN,ok,data_limited,21.0,9.45,8.95,8.95,7.53
bump_and_run_reversal_bottoms:000215,BVN,no_pivot_fits_lead_in,data_limited,,,8.42,8.42,6.73
bump_and_run_reversal_bottoms:000216,BVN,ok,data_limited,3.0,15.0,14.9,14.9,12.5
bump_and_run_reversal_bottoms:000217,BVS,no_pivot_fits_lead_in,standard,,,11.8,11.8,9.92
bump_and_run_reversal_bottoms:000218,BVS,no_pivot_fits_lead_in,standard,,,11.11,11.11,9.22
bump_and_run_reversal_bottoms:000219,BVS,ok,premium,32.0,11.11,10.2,10.2,8.17
bump_and_run_reversal_bottoms:000220,BVS,ok,standard,154.0,13.61,11.01,11.01,8.47
bump_and_run_reversal_bottoms:000221,BVS,no_pivot_fits_lead_in,standard,,,28.49,28.49,23.28
bump_and_run_reversal_bottoms:000222,BVS,ok,premium,6.0,43.11,43.11,43.11,35.35
bump_and_run_reversal_bottoms:000223,BVS,no_pivot_fits_lead_in,premium,,,43.94,43.94,33.3
bump_and_run_reversal_bottoms:000224,BWE,ok,premium,64.0,19.65,18.02,18.02,14.28
bump_and_run_reversal_bottoms:000225,C21,ok,premium,3.0,22.81,22.15,22.15,15.835
bump_and_run_reversal_bottoms:000226,C32,ok,premium,23.0,11.06,10.71,10.71,8.63
bump_and_run_reversal_bottoms:000227,C47,ok,loose,3.0,7.52,7.34,7.34,6.41
bump_and_run_reversal_bottoms:000228,C47,ok,premium,6.0,9.49,8.89,8.89,7.25
bump_and_run_reversal_bottoms:000229,C47,ok,premium,18.0,7.74,7.26,7.26,6.31
bump_and_run_reversal_bottoms:000230,C4G,no_pivot_fits_lead_in,standard,,,5.99,5.99,4.43
bump_and_run_reversal_bottoms:000231,C4G,ok,standard,23.0,9.7,9.4,9.4,8.2
bump_and_run_reversal_bottoms:000232,CAG,no_pivot_fits_lead_in,standard,,,8.4,8.4,7.6
bump_and_run_reversal_bottoms:000233,CAN,no_pivot_fits_lead_in,data_limited,,,23.505,23.51,20.4
bump_and_run_reversal_bottoms:000234,CAP,ok,loose,65.0,7.88,5.76,5.76,4.53
bump_and_run_reversal_bottoms:000235,CAP,ok,standard,61.0,8.18,7.45,7.45,6.86
bump_and_run_reversal_bottoms:000236,CAT,no_pivot_fits_lead_in,data_limited,,,15.83,15.83,12.17
bump_and_run_reversal_bottoms:000237,CAT,ok,standard,114.0,13.65,11.96,11.96,10.41
bump_and_run_reversal_bottoms:000238,CBI,ok,standard,15.0,10.2,9.2,9.2,7.2
bump_and_run_reversal_bottoms:000239,CBS,ok,premium,35.0,39.17,33.12,33.12,26.11
bump_and_run_reversal_bottoms:000240,CC1,no_pivot_fits_lead_in,data_limited,,,8.91,8.91,7.29
bump_and_run_reversal_bottoms:000241,CC1,ok,premium,1.0,14.41,14.41,14.41,12.61
bump_and_run_reversal_bottoms:000242,CCC,no_pivot_fits_lead_in,standard,,,19.29,19.29,17.6
bump_and_run_reversal_bottoms:000243,CCI,no_pivot_fits_lead_in,data_limited,,,7.29,7.29,6.71
bump_and_run_reversal_bottoms:000244,CCL,ok,standard,114.0,2.3,1.89,1.89,1.47
bump_and_run_reversal_bottoms:000245,CCL,ok,standard,37.0,1.98,1.79,1.79,1.68
bump_and_run_reversal_bottoms:000246,CCL,ok,premium,1.0,7.72,7.72,7.72,6.65
bump_and_run_reversal_bottoms:000247,CCM,no_pivot_fits_lead_in,data_limited,,,38.093,38.11,32.01
bump_and_run_reversal_bottoms:000248,CCP,no_pivot_fits_lead_in,data_limited,,,24.219,24.22,20.98
bump_and_run_reversal_bottoms:000249,CCT,ok,data_limited,6.0,14.7,14.4,14.4,11.9
bump_and_run_reversal_bottoms:000250,CDC,ok,standard,79.0,1.04,0.95,0.95,0.67
bump_and_run_reversal_bottoms:000251,CDC,ok,standard,161.0,2.17,1.84,1.84,1.36
bump_and_run_reversal_bottoms:000252,CDN,no_pivot_fits_lead_in,data_limited,,,12.94,12.94,11.94
bump_and_run_reversal_bottoms:000253,CDN,no_pivot_fits_lead_in,standard,,,38.78,38.78,29.88
bump_and_run_reversal_bottoms:000254,CDR,ok,data_limited,10.0,6.55,6.24,6.24,5.08
bump_and_run_reversal_bottoms:000255,CEN,ok,premium,64.0,19.0,13.1,13.1,10.1
bump_and_run_reversal_bottoms:000256,CEO,ok,standard,33.0,7.23,6.72,6.72,5.68
bump_and_run_reversal_bottoms:000257,CEO,ok,premium,6.0,14.15,13.7,13.7,11.79
bump_and_run_reversal_bottoms:000258,CEO,ok,premium,33.0,31.33,25.81,25.81,19.62
bump_and_run_reversal_bottoms:000259,CGV,ok,data_limited,47.0,4.1,3.3,3.3,2.8
bump_and_run_reversal_bottoms:000260,CHP,no_pivot_fits_lead_in,standard,,,8.45,8.45,7.84
bump_and_run_reversal_bottoms:000261,CHP,ok,data_limited,4.0,11.49,11.49,11.49,10.81
bump_and_run_reversal_bottoms:000262,CHP,no_pivot_fits_lead_in,standard,,,18.85,18.85,16.25
bump_and_run_reversal_bottoms:000263,CI5,ok,data_limited,68.0,11.2,6.9,6.9,5.5
bump_and_run_reversal_bottoms:000264,CI5,ok,data_limited,222.0,11.2,5.7,5.7,3.7
bump_and_run_reversal_bottoms:000265,CID,cut_by_search_cap,data_limited,,,6.889,6.92,3.76
bump_and_run_reversal_bottoms:000266,CID,no_pivot_fits_lead_in,data_limited,,,12.28,12.33,6.54
bump_and_run_reversal_bottoms:000267,CID,ok,data_limited,17.0,20.306,15.071,15.07,13.47
bump_and_run_reversal_bottoms:000268,CIG,no_pivot_fits_lead_in,data_limited,,,4.86,4.86,3.99
bump_and_run_reversal_bottoms:000269,CIG,ok,standard,2.0,2.22,2.22,2.22,1.75
bump_and_run_reversal_bottoms:000270,CII,ok,premium,5.0,28.99,28.81,28.81,24.7
bump_and_run_reversal_bottoms:000271,CII,ok,premium,160.0,25.65,20.11,20.11,18.02
bump_and_run_reversal_bottoms:000272,CII,cut_by_search_cap,premium,,,19.3,19.3,14.68
bump_and_run_reversal_bottoms:000273,CJC,ok,data_limited,232.0,24.0,17.6,17.6,14.0
bump_and_run_reversal_bottoms:000274,CKD,no_pivot_fits_lead_in,data_limited,,,21.13,21.13,19.5
bump_and_run_reversal_bottoms:000275,CKG,no_pivot_fits_lead_in,loose,,,24.79,24.79,17.21
bump_and_run_reversal_bottoms:000276,CLC,ok,standard,49.0,28.5,23.06,23.06,21.32
bump_and_run_reversal_bottoms:000277,CLC,ok,standard,5.0,27.03,26.92,26.92,24.68
bump_and_run_reversal_bottoms:000278,CLG,ok,standard,172.0,8.6,5.3,5.3,4.8
bump_and_run_reversal_bottoms:000279,CLG,ok,standard,20.0,4.59,4.1,4.1,3.39
bump_and_run_reversal_bottoms:000280,CLH,ok,data_limited,4.0,4.43,4.26,4.26,3.85
bump_and_run_reversal_bottoms:000281,CLH,ok,standard,1.0,21.47,21.47,21.47,18.0
bump_and_run_reversal_bottoms:000282,CLL,ok,data_limited,121.0,17.42,16.51,16.51,13.89
bump_and_run_reversal_bottoms:000283,CLM,ok,data_limited,2.0,22.91,22.91,22.91,15.93
bump_and_run_reversal_bottoms:000284,CLW,ok,data_limited,64.0,44.846,42.476,42.48,38.85
bump_and_run_reversal_bottoms:000285,CLX,no_pivot_before_lead_start,data_limited,,,9.69,9.69,8.35
bump_and_run_reversal_bottoms:000286,CMC,ok,data_limited,2.0,4.29,4.29,4.29,3.3
bump_and_run_reversal_bottoms:000287,CMC,ok,data_limited,81.0,9.778,7.2,7.23,5.0
bump_and_run_reversal_bottoms:000288,CMD,no_pivot_fits_lead_in,standard,,,21.23,21.23,18.12
bump_and_run_reversal_bottoms:000289,CMF,ok,data_limited,7.0,331.79,329.54,329.54,312.27
bump_and_run_reversal_bottoms:000290,CMG,no_pivot_fits_lead_in,premium,,,33.01,33.01,30.38
bump_and_run_reversal_bottoms:000291,CMI,ok,premium,76.0,17.9,11.6,11.6,10.4
bump_and_run_reversal_bottoms:000292,CMN,ok,data_limited,15.0,11.15,11.15,11.15,9.3
bump_and_run_reversal_bottoms:000293,CMS,no_pivot_fits_lead_in,data_limited,,,6.92,6.92,6.02
bump_and_run_reversal_bottoms:000294,CMS,ok,standard,23.0,7.93,7.93,7.93,6.78
bump_and_run_reversal_bottoms:000295,CMS,ok,standard,31.0,11.77,10.93,10.93,7.78
bump_and_run_reversal_bottoms:000296,CMT,ok,data_limited,18.0,4.79,4.79,4.79,4.2
bump_and_run_reversal_bottoms:000297,CMT,ok,data_limited,4.0,13.94,13.86,13.86,11.34
bump_and_run_reversal_bottoms:000298,CMX,ok,standard,135.0,6.37,4.41,4.41,3.45
bump_and_run_reversal_bottoms:000299,CMX,cut_by_search_cap,data_limited,,,3.16,3.16,2.74
bump_and_run_reversal_bottoms:000300,CNC,no_pivot_fits_lead_in,data_limited,,,17.27,17.27,13.77
bump_and_run_reversal_bottoms:000301,CNC,no_pivot_fits_lead_in,standard,,,27.31,27.31,27.61
bump_and_run_reversal_bottoms:000302,CNG,ok,standard,18.0,14.51,13.65,13.65,11.66
bump_and_run_reversal_bottoms:000303,CNG,ok,standard,11.0,14.12,13.2,13.2,11.54
bump_and_run_reversal_bottoms:000304,CNG,ok,data_limited,3.0,23.6,23.0,23.0,20.35
bump_and_run_reversal_bottoms:000305,CNT,ok,data_limited,1.0,3.36,3.36,3.36,2.76
bump_and_run_reversal_bottoms:000306,CNT,ok,standard,34.0,10.0,8.8,8.8,7.5
bump_and_run_reversal_bottoms:000307,COM,no_pivot_fits_lead_in,data_limited,,,31.728,31.73,25.89
bump_and_run_reversal_bottoms:000308,COM,ok,standard,16.0,31.673,30.145,30.14,26.67
bump_and_run_reversal_bottoms:000309,CPC,no_pivot_fits_lead_in,data_limited,,,19.99,19.99,17.99
bump_and_run_reversal_bottoms:000310,CPC,ok,data_limited,82.0,15.33,11.85,11.85,10.25
bump_and_run_reversal_bottoms:000311,CPI,ok,data_limited,137.0,4.9,3.9,3.9,2.7
bump_and_run_reversal_bottoms:000312,CQT,no_pivot_fits_lead_in,data_limited,,,12.12,12.12,10.07
bump_and_run_reversal_bottoms:000313,CRC,ok,premium,5.0,11.42,11.22,11.22,10.5
bump_and_run_reversal_bottoms:000314,CRE,ok,premium,10.0,8.76,8.5,8.5,6.89
bump_and_run_reversal_bottoms:000315,CRE,ok,standard,149.0,8.76,7.85,7.85,6.84
bump_and_run_reversal_bottoms:000316,CRE,ok,data_limited,22.0,8.18,8.0,8.0,7.14
bump_and_run_reversal_bottoms:000317,CSC,ok,standard,46.0,3.13,2.9,2.9,2.78
bump_and_run_reversal_bottoms:000318,CSC,ok,standard,18.0,25.62,24.71,24.71,21.24
bump_and_run_reversal_bottoms:000319,CSM,ok,standard,56.0,16.71,15.66,15.66,14.01
bump_and_run_reversal_bottoms:000320,CST,ok,standard,37.0,15.83,14.31,14.31,12.23
bump_and_run_reversal_bottoms:000321,CST,ok,standard,247.0,21.39,16.11,16.11,11.7
bump_and_run_reversal_bottoms:000322,CSV,ok,standard,23.0,10.55,9.67,9.67,7.91
bump_and_run_reversal_bottoms:000323,CSV,ok,standard,178.0,7.97,6.57,6.57,5.82
bump_and_run_reversal_bottoms:000324,CSV,ok,premium,13.0,46.84,45.19,45.19,36.8
bump_and_run_reversal_bottoms:000325,CSV,ok,data_limited,68.0,34.5,27.0,27.0,21.8
bump_and_run_reversal_bottoms:000326,CT3,no_pivot_fits_lead_in,data_limited,,,8.68,8.68,4.83
bump_and_run_reversal_bottoms:000327,CTD,no_pivot_fits_lead_in,standard,,,26.04,26.04,24.09
bump_and_run_reversal_bottoms:000328,CTD,no_pivot_fits_lead_in,premium,,,68.89,68.89,56.61
bump_and_run_reversal_bottoms:000329,CTF,ok,data_limited,30.0,20.45,19.2,19.2,17.65
bump_and_run_reversal_bottoms:000330,CTG,ok,standard,14.0,8.84,8.38,8.38,7.25
bump_and_run_reversal_bottoms:000331,CTG,ok,premium,30.0,8.42,7.44,7.44,6.84
bump_and_run_reversal_bottoms:000332,CTI,no_pivot_fits_lead_in,premium,,,13.046,14.35,12.78
bump_and_run_reversal_bottoms:000333,CTI,ok,standard,161.0,20.014,19.161,21.08,18.1
bump_and_run_reversal_bottoms:000334,CTI,no_pivot_fits_lead_in,standard,,,16.318,17.95,14.7
bump_and_run_reversal_bottoms:000335,CTP,ok,standard,59.0,4.3,3.6,3.6,3.2
bump_and_run_reversal_bottoms:000336,CTR,ok,premium,1.0,21.91,21.91,21.91,19.77
bump_and_run_reversal_bottoms:000337,CTS,ok,standard,179.0,2.85,2.44,2.44,2.07
bump_and_run_reversal_bottoms:000338,CTS,ok,standard,85.0,3.39,2.89,2.89,2.48
bump_and_run_reversal_bottoms:000339,CTS,ok,standard,12.0,36.49,30.04,30.04,26.8
bump_and_run_reversal_bottoms:000340,CTT,no_pivot_fits_lead_in,data_limited,,,15.24,15.24,13.78
bump_and_run_reversal_bottoms:000341,CTW,no_pivot_fits_lead_in,data_limited,,,18.09,18.09,17.4
bump_and_run_reversal_bottoms:000342,CTW,ok,data_limited,14.0,30.0,30.0,30.0,23.9
bump_and_run_reversal_bottoms:000343,CTX,ok,data_limited,26.0,7.82,5.83,5.83,4.99
bump_and_run_reversal_bottoms:000344,CTX,ok,data_limited,35.0,5.33,5.12,5.12,4.25
bump_and_run_reversal_bottoms:000345,CVN,no_pivot_fits_lead_in,standard,,,2.81,2.81,1.53
bump_and_run_reversal_bottoms:000346,CVN,ok,data_limited,7.0,1.66,1.53,1.53,1.08
bump_and_run_reversal_bottoms:000347,CVT,ok,data_limited,37.0,45.95,45.85,45.85,37.35
bump_and_run_reversal_bottoms:000348,CYC,ok,data_limited,3.0,4.1,4.1,4.1,3.5
bump_and_run_reversal_bottoms:000349,CYC,ok,standard,50.0,4.69,3.7,3.7,3.35
bump_and_run_reversal_bottoms:000350,D11,no_pivot_fits_lead_in,data_limited,,,10.88,10.88,9.1
bump_and_run_reversal_bottoms:000351,D2D,no_pivot_fits_lead_in,premium,,,31.01,31.01,20.01
bump_and_run_reversal_bottoms:000352,D2D,ok,data_limited,28.0,36.7,33.3,33.3,28.65
bump_and_run_reversal_bottoms:000353,DAD,no_pivot_fits_lead_in,data_limited,,,7.09,7.09,6.25
bump_and_run_reversal_bottoms:000354,DAD,no_pivot_fits_lead_in,data_limited,,,7.67,7.67,6.13
bump_and_run_reversal_bottoms:000355,DAD,ok,data_limited,49.0,18.42,18.42,18.42,15.4
bump_and_run_reversal_bottoms:000356,DAE,cut_by_search_cap,data_limited,,,14.463,14.463,12.663
bump_and_run_reversal_bottoms:000357,DAG,ok,standard,5.0,7.622,7.482,7.482,6.222
bump_and_run_reversal_bottoms:000358,DAH,ok,standard,10.0,4.66,4.66,4.66,4.07
bump_and_run_reversal_bottoms:000359,DAH,ok,standard,11.0,4.11,4.1,4.1,3.31
bump_and_run_reversal_bottoms:000360,DAH,ok,data_limited,56.0,3.85,3.32,3.32,2.73
bump_and_run_reversal_bottoms:000361,DBC,ok,premium,12.0,3.62,3.39,3.39,2.83
bump_and_run_reversal_bottoms:000362,DBC,ok,standard,14.0,7.23,6.87,6.87,6.22
bump_and_run_reversal_bottoms:000363,DBC,ok,standard,22.0,5.69,5.61,5.61,5.08
bump_and_run_reversal_bottoms:000364,DBD,ok,standard,24.0,23.93,21.33,21.33,18.15
bump_and_run_reversal_bottoms:000365,DBD,ok,standard,2.0,31.51,31.51,31.51,26.82
bump_and_run_reversal_bottoms:000366,DBD,ok,premium,10.0,62.2,60.17,60.17,50.14
bump_and_run_reversal_bottoms:000367,DBD,ok,premium,19.0,57.0,54.8,54.8,51.7
bump_and_run_reversal_bottoms:000368,DBT,no_pivot_fits_lead_in,data_limited,,,8.08,8.08,7.2
bump_and_run_reversal_bottoms:000369,DBT,ok,standard,32.0,14.12,13.79,13.79,11.55
bump_and_run_reversal_bottoms:000370,DBT,ok,premium,23.0,12.45,12.07,12.07,9.09
bump_and_run_reversal_bottoms:000371,DC1,ok,data_limited,8.0,5.14,4.8,4.8,4.07
bump_and_run_reversal_bottoms:000372,DC1,no_pivot_fits_lead_in,data_limited,,,3.87,3.87,3.24
bump_and_run_reversal_bottoms:000373,DC4,no_pivot_fits_lead_in,data_limited,,,3.95,3.95,3.44
bump_and_run_reversal_bottoms:000374,DC4,no_pivot_fits_lead_in,standard,,,6.43,6.43,4.99
bump_and_run_reversal_bottoms:000375,DC4,no_pivot_fits_lead_in,loose,,,10.28,10.28,6.85
bump_and_run_reversal_bottoms:000376,DCL,no_pivot_fits_lead_in,standard,,,29.9,29.9,21.19
bump_and_run_reversal_bottoms:000377,DCM,ok,loose,94.0,6.6,6.16,6.16,5.47
bump_and_run_reversal_bottoms:000378,DCM,ok,standard,14.0,7.4,7.23,7.23,6.42
bump_and_run_reversal_bottoms:000379,DCM,ok,premium,114.0,5.68,5.28,5.28,4.15
bump_and_run_reversal_bottoms:000380,DCM,ok,standard,18.0,23.8,21.99,21.99,19.01
bump_and_run_reversal_bottoms:000381,DCM,ok,standard,34.0,35.49,34.47,34.47,32.41
bump_and_run_reversal_bottoms:000382,DCR,no_pivot_fits_lead_in,data_limited,,,6.8,6.8,5.7
bump_and_run_reversal_bottoms:000383,DCS,ok,standard,26.0,3.7,3.1,3.1,2.5
bump_and_run_reversal_bottoms:000384,DCT,no_pivot_before_lead_start,loose,,,2.6,2.6,2.2
bump_and_run_reversal_bottoms:000385,DDG,ok,loose,13.0,6.8,6.3,6.3,5.5
bump_and_run_reversal_bottoms:000386,DDM,no_pivot_fits_lead_in,data_limited,,,1.3,1.3,1.0
bump_and_run_reversal_bottoms:000387,DDN,ok,standard,85.0,12.21,9.9,9.9,8.29
bump_and_run_reversal_bottoms:000388,DDN,ok,standard,27.0,7.2,6.7,6.7,7.0
bump_and_run_reversal_bottoms:000389,DDV,ok,data_limited,19.0,11.06,11.06,11.06,7.89
bump_and_run_reversal_bottoms:000390,DGC,ok,premium,1.0,10.53,10.53,10.53,8.86
bump_and_run_reversal_bottoms:000391,DGC,ok,premium,1.0,7.21,7.21,7.21,6.31
bump_and_run_reversal_bottoms:000392,DGC,no_pivot_fits_lead_in,premium,,,114.21,114.21,94.56
bump_and_run_reversal_bottoms:000393,DGT,ok,premium,22.0,9.5,8.2,8.2,7.2
bump_and_run_reversal_bottoms:000394,DGT,ok,standard,28.0,5.8,5.5,5.5,4.8
bump_and_run_reversal_bottoms:000395,DGW,no_pivot_fits_lead_in,standard,,,5.24,5.24,4.54
bump_and_run_reversal_bottoms:000396,DGW,no_pivot_fits_lead_in,standard,,,48.33,48.33,41.69
bump_and_run_reversal_bottoms:000397,DGW,ok,data_limited,38.0,56.53,46.57,46.57,39.6
bump_and_run_reversal_bottoms:000398,DHA,ok,premium,19.0,19.72,19.18,19.18,15.99
bump_and_run_reversal_bottoms:000399,DHA,ok,premium,232.0,44.67,39.99,39.99,36.37
bump_and_run_reversal_bottoms:000400,DHC,ok,standard,23.0,8.3,8.07,8.07,7.12
bump_and_run_reversal_bottoms:000401,DHC,ok,standard,11.0,11.96,11.07,11.07,9.77
bump_and_run_reversal_bottoms:000402,DHC,ok,standard,127.0,49.25,44.36,44.36,35.25
bump_and_run_reversal_bottoms:000403,DHC,ok,premium,10.0,26.04,25.03,25.03,22.31
bump_and_run_reversal_bottoms:000404,DHG,ok,premium,14.0,92.3,87.13,87.13,69.69
bump_and_run_reversal_bottoms:000405,DHM,no_pivot_fits_lead_in,premium,,,7.85,7.85,6.6
bump_and_run_reversal_bottoms:000406,DHM,no_pivot_fits_lead_in,standard,,,12.41,12.41,10.11
bump_and_run_reversal_bottoms:000407,DHM,ok,standard,22.0,8.23,8.01,8.01,6.95
bump_and_run_reversal_bottoms:000408,DHP,no_pivot_fits_lead_in,standard,,,3.77,3.77,2.5
bump_and_run_reversal_bottoms:000409,DHT,ok,premium,38.0,13.95,12.01,12.01,10.62
bump_and_run_reversal_bottoms:000410,DHT,ok,standard,2.0,12.3,12.3,12.3,8.82
bump_and_run_reversal_bottoms:000411,DHT,no_pivot_fits_lead_in,premium,,,17.28,17.28,12.89
bump_and_run_reversal_bottoms:000412,DIC,no_pivot_fits_lead_in,standard,,,5.43,5.43,4.43
bump_and_run_reversal_bottoms:000413,DIC,no_pivot_fits_lead_in,standard,,,9.22,9.22,6.44
bump_and_run_reversal_bottoms:000414,DIC,ok,standard,4.0,6.98,6.89,6.89,5.8
bump_and_run_reversal_bottoms:000415,DIC,ok,data_limited,21.0,2.1,1.9,1.9,1.3
bump_and_run_reversal_bottoms:000416,DID,no_pivot_fits_lead_in,data_limited,,,7.08,7.08,4.54
bump_and_run_reversal_bottoms:000417,DID,ok,standard,39.0,5.2,4.3,4.3,3.9
bump_and_run_reversal_bottoms:000418,DIG,ok,premium,6.0,8.43,8.43,8.43,7.21
bump_and_run_reversal_bottoms:000419,DIG,ok,premium,32.0,21.65,17.75,17.75,14.45
bump_and_run_reversal_bottoms:000420,DL1,ok,standard,108.0,6.92,5.18,5.18,4.86
bump_and_run_reversal_bottoms:000421,DL1,ok,data_limited,152.0,59.31,32.64,32.64,29.26
bump_and_run_reversal_bottoms:000422,DLG,no_pivot_fits_lead_in,standard,,,11.79,11.79,9.71
bump_and_run_reversal_bottoms:000423,DLG,ok,standard,14.0,3.45,3.17,3.17,2.79
bump_and_run_reversal_bottoms:000424,DLG,ok,standard,52.0,2.47,2.17,2.17,1.85
bump_and_run_reversal_bottoms:000425,DLG,ok,premium,14.0,3.79,3.3,3.3,2.93
bump_and_run_reversal_bottoms:000426,DLG,ok,data_limited,30.0,3.04,2.93,2.93,2.33
bump_and_run_reversal_bottoms:000427,DLR,ok,premium,33.0,20.2,16.28,16.28,12.05
bump_and_run_reversal_bottoms:000428,DLR,ok,data_limited,24.0,11.94,10.91,10.91,8.01
bump_and_run_reversal_bottoms:000429,DLR,ok,data_limited,57.0,9.4,7.2,5.53,5.3
bump_and_run_reversal_bottoms:000430,DMC,ok,premium,17.0,25.83,24.56,24.56,20.97
bump_and_run_reversal_bottoms:000431,DMC,no_pivot_fits_lead_in,standard,,,64.92,64.92,54.72
bump_and_run_reversal_bottoms:000432,DMN,cut_by_search_cap,data_limited,,,5.07,5.07,4.0
bump_and_run_reversal_bottoms:000433,DMS,ok,data_limited,144.0,11.0,6.8,6.8,6.3
bump_and_run_reversal_bottoms:000434,DNC,no_pivot_fits_lead_in,data_limited,,,58.719,58.7,50.57
bump_and_run_reversal_bottoms:000435,DNH,no_pivot_fits_lead_in,data_limited,,,8.51,8.51,7.01
bump_and_run_reversal_bottoms:000436,DNH,no_pivot_fits_lead_in,data_limited,,,41.23,41.23,29.68
bump_and_run_reversal_bottoms:000437,DNH,ok,data_limited,1.0,52.88,52.88,52.88,38.67
bump_and_run_reversal_bottoms:000438,DNL,no_pivot_fits_lead_in,data_limited,,,12.747,12.81,10.47
bump_and_run_reversal_bottoms:000439,DNM,ok,data_limited,211.0,5.96,4.05,4.05,3.45
bump_and_run_reversal_bottoms:000440,DNM,no_pivot_fits_lead_in,data_limited,,,23.943,23.9,22.83
bump_and_run_reversal_bottoms:000441,DNM,no_pivot_fits_lead_in,data_limited,,,26.268,26.23,20.25
bump_and_run_reversal_bottoms:000442,DNM,ok,data_limited,10.0,20.426,20.426,20.39,18.51
bump_and_run_reversal_bottoms:000443,DNM,cut_by_search_cap,data_limited,,,10.4,10.4,8.8
bump_and_run_reversal_bottoms:000444,DNP,ok,standard,55.0,22.15,18.01,18.01,16.86
bump_and_run_reversal_bottoms:000445,DNP,ok,data_limited,96.0,26.8,20.9,20.9,19.3
bump_and_run_reversal_bottoms:000446,DNW,no_pivot_fits_lead_in,standard,,,14.19,14.19,12.31
bump_and_run_reversal_bottoms:000447,DNW,ok,premium,12.0,20.18,19.13,19.13,16.07
bump_and_run_reversal_bottoms:000448,DNW,no_pivot_fits_lead_in,premium,,,22.09,22.09,19.29
bump_and_run_reversal_bottoms:000449,DNW,no_pivot_fits_lead_in,premium,,,33.52,33.52,29.62
bump_and_run_reversal_bottoms:000450,DP2,cut_by_search_cap,data_limited,,,5.6,5.6,4.4
bump_and_run_reversal_bottoms:000451,DP3,ok,loose,23.0,20.37,20.17,20.17,17.84
bump_and_run_reversal_bottoms:000452,DPG,ok,premium,8.0,35.48,32.51,32.51,29.41
bump_and_run_reversal_bottoms:000453,DPH,ok,data_limited,18.0,18.5,17.8,17.8,16.06
bump_and_run_reversal_bottoms:000454,DPM,ok,premium,5.0,6.66,6.51,6.51,5.99
bump_and_run_reversal_bottoms:000455,DPM,no_pivot_fits_lead_in,premium,,,7.59,7.59,5.34
bump_and_run_reversal_bottoms:000456,DPM,ok,premium,15.0,4.9,4.58,4.58,4.03
bump_and_run_reversal_bottoms:000457,DPP,no_pivot_fits_lead_in,data_limited,,,11.595,11.595,10.64
bump_and_run_reversal_bottoms:000458,DPR,ok,standard,5.0,7.14,6.82,6.82,6.35
bump_and_run_reversal_bottoms:000459,DPR,no_pivot_fits_lead_in,premium,,,37.18,37.18,29.44
bump_and_run_reversal_bottoms:000460,DPR,ok,premium,1.0,32.77,32.77,32.77,25.22
bump_and_run_reversal_bottoms:000461,DQC,ok,premium,28.0,36.5,28.78,28.78,26.28
bump_and_run_reversal_bottoms:000462,DQC,ok,standard,7.0,25.88,25.43,25.43,22.5
bump_and_run_reversal_bottoms:000463,DQC,ok,loose,5.0,12.73,12.64,12.64,10.5
bump_and_run_reversal_bottoms:000464,DRC,ok,premium,51.0,17.24,17.24,17.24,15.34
bump_and_run_reversal_bottoms:000465,DRC,no_pivot_fits_lead_in,premium,,,14.11,14.11,10.15
bump_and_run_reversal_bottoms:000466,DRC,ok,premium,154.0,14.11,11.29,11.29,9.32
bump_and_run_reversal_bottoms:000467,DRH,ok,data_limited,27.0,1.93,1.48,1.48,1.03
bump_and_run_reversal_bottoms:000468,DRH,no_pivot_fits_lead_in,standard,,,4.17,4.17,3.72
bump_and_run_reversal_bottoms:000469,DRH,no_pivot_fits_lead_in,premium,,,21.18,21.18,16.24
bump_and_run_reversal_bottoms:000470,DRH,cut_by_search_cap,premium,,,6.92,6.92,5.51
bump_and_run_reversal_bottoms:000471,DRI,ok,standard,53.0,8.39,6.96,6.96,5.38
bump_and_run_reversal_bottoms:000472,DRI,ok,standard,44.0,6.96,5.64,5.64,4.85
bump_and_run_reversal_bottoms:000473,DRI,no_pivot_fits_lead_in,standard,,,14.0,14.0,11.8
bump_and_run_reversal_bottoms:000474,DRL,ok,data_limited,1.0,14.79,14.79,14.79,12.87
bump_and_run_reversal_bottoms:000475,DS3,no_pivot_fits_lead_in,standard,,,3.03,3.03,2.41
bump_and_run_reversal_bottoms:000476,DS3,ok,standard,29.0,5.9,5.9,5.9,5.1
bump_and_run_reversal_bottoms:000477,DSG,ok,data_limited,8.0,10.4,8.3,8.3,6.2
bump_and_run_reversal_bottoms:000478,DST,no_pivot_fits_lead_in,premium,,,24.12,24.12,23.61
bump_and_run_reversal_bottoms:000479,DST,ok,standard,21.0,16.8,11.9,11.9,7.2
bump_and_run_reversal_bottoms:000480,DTA,no_pivot_fits_lead_in,data_limited,,,6.26,6.26,5.2
bump_and_run_reversal_bottoms:000481,DTA,no_pivot_fits_lead_in,data_limited,,,5.64,5.64,5.03
bump_and_run_reversal_bottoms:000482,DTA,no_pivot_fits_lead_in,data_limited,,,10.32,10.32,8.38
bump_and_run_reversal_bottoms:000483,DTA,no_pivot_fits_lead_in,standard,,,27.64,27.64,20.28
bump_and_run_reversal_bottoms:000484,DTA,ok,premium,121.0,4.37,4.07,4.07,3.59
bump_and_run_reversal_bottoms:000485,DTC,ok,data_limited,9.0,27.78,21.35,21.35,17.11
bump_and_run_reversal_bottoms:000486,DTD,no_pivot_fits_lead_in,premium,,,21.55,21.55,15.53
bump_and_run_reversal_bottoms:000487,DTD,no_pivot_fits_lead_in,loose,,,27.36,27.36,18.57
bump_and_run_reversal_bottoms:000488,DTD,no_pivot_fits_lead_in,standard,,,21.6,21.6,18.12
bump_and_run_reversal_bottoms:000489,DTD,ok,premium,13.0,21.6,19.56,19.56,15.56
bump_and_run_reversal_bottoms:000490,DTK,no_pivot_before_lead_start,data_limited,,,6.22,6.22,5.87
bump_and_run_reversal_bottoms:000491,DTL,ok,data_limited,86.0,50.3,47.0,47.0,36.9
bump_and_run_reversal_bottoms:000492,DTP,no_pivot_fits_lead_in,loose,,,33.67,33.67,22.74
bump_and_run_reversal_bottoms:000493,DTP,no_pivot_fits_lead_in,data_limited,,,57.34,57.34,53.42
bump_and_run_reversal_bottoms:000494,DTT,ok,standard,69.0,5.54,4.21,4.21,3.63
bump_and_run_reversal_bottoms:000495,DVG,ok,data_limited,12.0,3.6,3.6,3.6,2.8
bump_and_run_reversal_bottoms:000496,DVM,ok,standard,243.0,9.64,8.0,8.0,6.2
bump_and_run_reversal_bottoms:000497,DVN,ok,standard,5.0,11.19,10.86,10.86,9.28
bump_and_run_reversal_bottoms:000498,DVN,ok,standard,3.0,18.36,17.55,17.55,15.36
bump_and_run_reversal_bottoms:000499,DVN,ok,data_limited,5.0,22.4,21.7,21.7,18.7
bump_and_run_reversal_bottoms:000500,DVP,ok,standard,21.0,33.44,32.13,32.13,30.25
bump_and_run_reversal_bottoms:000501,DVP,ok,standard,33.0,38.59,36.1,36.1,34.44
bump_and_run_reversal_bottoms:000502,DWS,no_pivot_fits_lead_in,data_limited,,,12.17,12.17,10.75
bump_and_run_reversal_bottoms:000503,DXG,ok,premium,137.0,12.2,10.51,10.51,7.73
bump_and_run_reversal_bottoms:000504,DXG,no_pivot_fits_lead_in,premium,,,17.44,17.44,13.0
bump_and_run_reversal_bottoms:000505,DXG,no_pivot_fits_lead_in,premium,,,32.32,32.32,18.39
bump_and_run_reversal_bottoms:000506,DXL,no_pivot_before_lead_start,data_limited,,,2.286,2.286,2.078
bump_and_run_reversal_bottoms:000507,DXP,ok,data_limited,4.0,10.28,10.05,10.05,7.77
bump_and_run_reversal_bottoms:000508,DXP,ok,standard,113.0,13.28,11.42,11.42,8.75
bump_and_run_reversal_bottoms:000509,DXP,ok,standard,4.0,11.13,11.13,11.13,9.27
bump_and_run_reversal_bottoms:000510,DXP,ok,standard,87.0,12.15,11.87,11.87,9.6
bump_and_run_reversal_bottoms:000511,DXS,no_pivot_fits_lead_in,premium,,,8.68,8.68,6.26
bump_and_run_reversal_bottoms:000512,DXV,ok,standard,25.0,3.88,3.55,3.55,3.09
bump_and_run_reversal_bottoms:000513,DXV,ok,standard,64.0,4.71,3.2,3.2,2.38
bump_and_run_reversal_bottoms:000514,DZM,ok,standard,95.0,4.722,3.269,3.269,2.75
bump_and_run_reversal_bottoms:000515,DZM,no_pivot_fits_lead_in,data_limited,,,5.333,5.333,4.333
bump_and_run_reversal_bottoms:000516,EBS,ok,data_limited,98.0,9.73,8.68,8.68,7.09
bump_and_run_reversal_bottoms:000517,EIB,ok,standard,34.0,7.34,6.95,6.95,6.17
bump_and_run_reversal_bottoms:000518,EIB,ok,standard,2.0,11.95,11.95,11.95,9.9
bump_and_run_reversal_bottoms:000519,EIB,ok,loose,20.0,20.91,18.05,18.05,15.39
bump_and_run_reversal_bottoms:000520,EIC,ok,data_limited,6.0,19.47,19.07,19.07,16.62
bump_and_run_reversal_bottoms:000521,EIC,ok,data_limited,25.0,21.48,21.39,21.39,19.84
bump_and_run_reversal_bottoms:000522,EID,no_pivot_fits_lead_in,loose,,,5.7,5.7,4.58
bump_and_run_reversal_bottoms:000523,EID,no_pivot_fits_lead_in,standard,,,9.55,9.55,8.05
bump_and_run_reversal_bottoms:000524,EID,ok,standard,85.0,10.18,8.97,8.97,7.18
bump_and_run_reversal_bottoms:000525,EIN,ok,data_limited,120.0,5.75,3.27,3.27,2.3
bump_and_run_reversal_bottoms:000526,ELC,ok,premium,65.0,3.57,3.22,3.22,3.03
bump_and_run_reversal_bottoms:000527,ELC,ok,standard,209.0,4.0,3.14,3.14,3.24
bump_and_run_reversal_bottoms:000528,ELC,ok,data_limited,3.0,18.95,18.8,18.8,16.45
bump_and_run_reversal_bottoms:000529,EVE,ok,data_limited,23.0,8.11,7.02,7.02,6.18
bump_and_run_reversal_bottoms:000530,EVE,ok,premium,68.0,12.65,12.12,12.12,9.67
bump_and_run_reversal_bottoms:000531,EVE,ok,standard,29.0,8.19,7.48,7.48,6.67
bump_and_run_reversal_bottoms:000532,EVE,ok,premium,230.0,16.98,12.59,12.59,10.22
bump_and_run_reversal_bottoms:000533,EVF,ok,standard,6.0,5.54,5.54,5.54,4.09
bump_and_run_reversal_bottoms:000534,EVF,ok,premium,36.0,11.76,11.5,11.5,9.62
bump_and_run_reversal_bottoms:000535,EVG,ok,premium,116.0,11.48,3.69,3.69,3.4
bump_and_run_reversal_bottoms:000536,EVG,ok,premium,159.0,8.0,6.09,6.09,6.28
bump_and_run_reversal_bottoms:000537,EVS,ok,premium,6.0,8.08,7.5,7.5,6.0
bump_and_run_reversal_bottoms:000538,EVS,ok,loose,50.0,6.44,6.19,6.19,5.19
bump_and_run_reversal_bottoms:000539,EVS,ok,standard,106.0,9.3,8.5,8.5,6.7
bump_and_run_reversal_bottoms:000540,FCM,ok,standard,15.0,4.43,3.92,3.92,3.47
bump_and_run_reversal_bottoms:000541,FCM,ok,premium,6.0,4.03,3.97,3.97,3.49
bump_and_run_reversal_bottoms:000542,FCM,ok,standard,4.0,5.16,5.07,5.07,4.43
bump_and_run_reversal_bottoms:000543,FCM,ok,standard,18.0,4.25,4.11,4.11,3.5
bump_and_run_reversal_bottoms:000544,FCN,ok,premium,2.0,12.82,12.82,12.82,11.44
bump_and_run_reversal_bottoms:000545,FCN,no_pivot_fits_lead_in,premium,,,16.0,16.0,13.66
bump_and_run_reversal_bottoms:000546,FCN,ok,standard,9.0,16.7,15.45,15.45,13.1
bump_and_run_reversal_bottoms:000547,FCS,ok,data_limited,6.0,9.5,8.5,8.5,7.1
bump_and_run_reversal_bottoms:000548,FDC,ok,standard,10.0,22.2,19.9,19.9,14.9
bump_and_run_reversal_bottoms:000549,FDC,ok,data_limited,171.0,29.1,18.7,18.7,15.1
bump_and_run_reversal_bottoms:000550,FDC,no_pivot_fits_lead_in,data_limited,,,15.45,15.45,13.0
bump_and_run_reversal_bottoms:000551,FDC,ok,data_limited,59.0,41.35,27.5,27.5,21.0
bump_and_run_reversal_bottoms:000552,FDC,ok,data_limited,65.0,23.8,19.0,19.0,16.6
bump_and_run_reversal_bottoms:000553,FDC,no_pivot_fits_lead_in,data_limited,,,18.1,18.1,16.1
bump_and_run_reversal_bottoms:000554,FIC,no_pivot_fits_lead_in,standard,,,10.05,10.05,9.7
bump_and_run_reversal_bottoms:000555,FIC,ok,data_limited,74.0,35.98,14.96,14.96,12.54
bump_and_run_reversal_bottoms:000556,FIT,no_pivot_fits_lead_in,premium,,,8.54,8.54,6.4
bump_and_run_reversal_bottoms:000557,FLC,no_pivot_fits_lead_in,standard,,,4.589,4.589,3.5
bump_and_run_reversal_bottoms:000558,FLC,cut_by_search_cap,premium,,,6.87,6.87,5.68
bump_and_run_reversal_bottoms:000559,FOC,ok,premium,7.0,66.53,62.62,62.62,59.56
bump_and_run_reversal_bottoms:000560,FPT,no_pivot_fits_lead_in,loose,,,16.87,16.87,13.23
bump_and_run_reversal_bottoms:000561,FPT,ok,data_limited,86.0,107.22,77.7,77.7,71.7
bump_and_run_reversal_bottoms:000562,FRT,ok,premium,5.0,159.55,154.67,154.67,128.0
bump_and_run_reversal_bottoms:000563,FRT,no_pivot_fits_lead_in,data_limited,,,172.38,172.38,124.4
bump_and_run_reversal_bottoms:000564,FT1,ok,data_limited,24.0,36.53,30.29,30.29,26.12
bump_and_run_reversal_bottoms:000565,FT1,ok,data_limited,5.0,39.15,39.15,39.15,32.25
bump_and_run_reversal_bottoms:000566,FTS,ok,standard,42.0,5.32,4.83,4.83,4.25
bump_and_run_reversal_bottoms:000567,G20,ok,standard,14.0,9.1,8.27,8.27,7.26
bump_and_run_reversal_bottoms:000568,G20,ok,standard,94.0,7.35,3.77,3.77,3.3
bump_and_run_reversal_bottoms:000569,G20,ok,data_limited,2.0,1.7,1.7,1.7,1.5
bump_and_run_reversal_bottoms:000570,GAS,ok,premium,47.0,33.16,31.6,31.6,23.82
bump_and_run_reversal_bottoms:000571,GAS,no_pivot_fits_lead_in,standard,,,84.36,84.36,70.95
bump_and_run_reversal_bottoms:000572,GAS,ok,data_limited,5.0,95.5,89.5,89.5,71.2
bump_and_run_reversal_bottoms:000573,GDA,ok,standard,79.0,19.4,18.0,18.0,14.5
bump_and_run_reversal_bottoms:000574,GDT,ok,premium,11.0,23.11,21.87,21.87,17.46
bump_and_run_reversal_bottoms:000575,GDW,no_pivot_fits_lead_in,data_limited,,,10.28,10.28,9.6
bump_and_run_reversal_bottoms:000576,GEE,no_pivot_fits_lead_in,premium,,,15.12,15.12,14.17
bump_and_run_reversal_bottoms:000577,GEX,ok,premium,21.0,11.71,10.53,10.53,9.37
bump_and_run_reversal_bottoms:000578,GHC,no_pivot_fits_lead_in,data_limited,,,14.17,14.17,12.82
bump_and_run_reversal_bottoms:000579,GHC,no_pivot_fits_lead_in,data_limited,,,17.75,17.75,14.9
bump_and_run_reversal_bottoms:000580,GHC,ok,standard,5.0,23.95,23.81,23.81,20.9
bump_and_run_reversal_bottoms:000581,GHC,ok,standard,18.0,23.6,21.31,21.31,20.02
bump_and_run_reversal_bottoms:000582,GIL,no_pivot_fits_lead_in,data_limited,,,4.93,4.93,4.03
bump_and_run_reversal_bottoms:000583,GIL,no_pivot_fits_lead_in,standard,,,15.34,15.34,11.81
bump_and_run_reversal_bottoms:000584,GIL,cut_by_search_cap,premium,,,21.75,21.75,15.7
bump_and_run_reversal_bottoms:000585,GKM,no_pivot_fits_lead_in,premium,,,7.11,7.11,6.55
bump_and_run_reversal_bottoms:000586,GLT,ok,data_limited,19.0,5.86,5.51,5.51,4.08
bump_and_run_reversal_bottoms:000587,GLT,no_pivot_fits_lead_in,standard,,,6.91,6.91,5.94
bump_and_run_reversal_bottoms:000588,GLT,no_pivot_fits_lead_in,data_limited,,,41.646,41.65,36.05
bump_and_run_reversal_bottoms:000589,GLT,ok,data_limited,2.0,17.942,17.942,17.94,14.73
bump_and_run_reversal_bottoms:000590,GLT,no_pivot_fits_lead_in,data_limited,,,32.787,32.79,26.8
bump_and_run_reversal_bottoms:000591,GMC,no_pivot_fits_lead_in,loose,,,9.82,9.82,9.32
bump_and_run_reversal_bottoms:000592,GMC,ok,loose,11.0,10.65,10.5,10.5,9.45
bump_and_run_reversal_bottoms:000593,GMC,cut_by_search_cap,standard,,,10.0,10.0,8.69
bump_and_run_reversal_bottoms:000594,GMD,ok,premium,83.0,45.9,39.7,39.7,34.72
bump_and_run_reversal_bottoms:000595,GMD,ok,premium,39.0,63.77,60.0,60.0,52.39
bump_and_run_reversal_bottoms:000596,GMX,ok,standard,1.0,13.776,13.776,14.15,12.49
bump_and_run_reversal_bottoms:000597,GND,ok,data_limited,9.0,12.197,12.044,12.62,10.31
bump_and_run_reversal_bottoms:000598,GSP,no_pivot_fits_lead_in,standard,,,3.97,3.97,3.06
bump_and_run_reversal_bottoms:000599,GSP,ok,standard,93.0,12.64,11.61,11.61,7.32
bump_and_run_reversal_bottoms:000600,GSP,no_pivot_fits_lead_in,standard,,,12.18,12.18,9.71
bump_and_run_reversal_bottoms:000601,GTA,no_pivot_fits_lead_in,data_limited,,,9.76,9.76,8.41
bump_and_run_reversal_bottoms:000602,GTA,ok,data_limited,14.0,14.7,12.04,12.04,10.21
bump_and_run_reversal_bottoms:000603,GTA,cut_by_search_cap,data_limited,,,10.55,10.55,9.19
bump_and_run_reversal_bottoms:000604,GTS,ok,data_limited,2.0,11.44,11.44,11.45,8.29
bump_and_run_reversal_bottoms:000605,GTS,no_pivot_fits_lead_in,data_limited,,,11.521,11.52,10.69
bump_and_run_reversal_bottoms:000606,GVR,ok,premium,200.0,15.12,12.19,12.19,9.78
bump_and_run_reversal_bottoms:000607,GVR,no_pivot_fits_lead_in,premium,,,28.88,28.88,24.93
bump_and_run_reversal_bottoms:000608,GVR,cut_by_search_cap,premium,,,22.74,22.74,18.9
bump_and_run_reversal_bottoms:000609,GVR,no_pivot_fits_lead_in,premium,,,36.05,36.05,29.03
bump_and_run_reversal_bottoms:000610,GVT,ok,data_limited,137.0,112.93,72.29,72.29,66.54
bump_and_run_reversal_bottoms:000611,HAC,ok,standard,73.0,3.18,2.79,2.79,2.19
bump_and_run_reversal_bottoms:000612,HAC,ok,standard,52.0,3.05,2.12,2.12,4.18
bump_and_run_reversal_bottoms:000613,HAC,ok,standard,92.0,9.8,6.2,6.2,5.2
bump_and_run_reversal_bottoms:000614,HAD,ok,standard,5.0,11.12,10.15,10.15,8.77
bump_and_run_reversal_bottoms:000615,HAF,no_pivot_fits_lead_in,data_limited,,,31.0,31.0,16.7
bump_and_run_reversal_bottoms:000616,HAF,no_pivot_fits_lead_in,data_limited,,,38.0,38.0,35.1
bump_and_run_reversal_bottoms:000617,HAG,ok,premium,28.0,9.87,9.87,9.87,7.82
bump_and_run_reversal_bottoms:000618,HAG,ok,premium,19.0,8.73,7.59,7.59,5.2
bump_and_run_reversal_bottoms:000619,HAG,cut_by_search_cap,premium,,,6.0,6.0,4.28
bump_and_run_reversal_bottoms:000620,HAG,ok,standard,20.0,15.3,14.25,14.25,10.85
bump_and_run_reversal_bottoms:000621,HAG,ok,loose,26.0,19.25,18.4,18.4,15.95
bump_and_run_reversal_bottoms:000622,HAH,ok,premium,3.0,3.43,3.43,3.43,2.85
bump_and_run_reversal_bottoms:000623,HAI,no_pivot_fits_lead_in,loose,,,9.659,9.659,8.279
bump_and_run_reversal_bottoms:000624,HAM,ok,data_limited,6.0,15.83,15.83,15.83,13.77
bump_and_run_reversal_bottoms:000625,HAN,ok,premium,1.0,11.08,11.08,11.08,9.09
bump_and_run_reversal_bottoms:000626,HAN,ok,data_limited,14.0,10.43,10.14,10.14,8.87
bump_and_run_reversal_bottoms:000627,HAN,ok,standard,117.0,10.6,10.6,10.6,8.5
bump_and_run_reversal_bottoms:000628,HAP,ok,standard,127.0,4.0,3.32,3.32,2.7
bump_and_run_reversal_bottoms:000629,HAP,ok,standard,12.0,4.88,4.79,4.79,4.27
bump_and_run_reversal_bottoms:000630,HAP,ok,data_limited,3.0,7.84,7.78,7.78,6.81
bump_and_run_reversal_bottoms:000631,HAR,ok,premium,218.0,34.4,11.13,11.13,7.57
bump_and_run_reversal_bottoms:000632,HAR,no_pivot_fits_lead_in,standard,,,12.19,12.19,8.9
bump_and_run_reversal_bottoms:000633,HAR,ok,premium,6.0,9.35,8.9,8.9,7.12
bump_and_run_reversal_bottoms:000634,HAR,ok,premium,43.0,6.49,5.51,5.51,4.45
bump_and_run_reversal_bottoms:000635,HAR,ok,premium,240.0,5.35,3.98,3.98,2.95
bump_and_run_reversal_bottoms:000636,HAS,ok,premium,6.0,7.94,7.53,7.53,6.17
bump_and_run_reversal_bottoms:000637,HAV,ok,data_limited,90.0,7.3,5.5,5.5,2.7
bump_and_run_reversal_bottoms:000638,HAX,ok,standard,8.0,13.7,13.14,13.14,11.07
bump_and_run_reversal_bottoms:000639,HAX,ok,data_limited,40.0,10.85,10.3,10.3,9.06
bump_and_run_reversal_bottoms:000640,HBC,no_pivot_fits_lead_in,standard,,,4.82,4.82,3.53
bump_and_run_reversal_bottoms:000641,HBC,ok,premium,24.0,34.0,28.19,28.19,22.6
bump_and_run_reversal_bottoms:000642,HBC,ok,premium,37.0,16.03,14.39,14.39,12.03
bump_and_run_reversal_bottoms:000643,HBD,no_pivot_fits_lead_in,data_limited,,,12.24,12.24,11.58
bump_and_run_reversal_bottoms:000644,HBD,ok,data_limited,20.0,17.27,16.95,16.95,12.79
bump_and_run_reversal_bottoms:000645,HBH,ok,data_limited,66.0,15.88,10.0,10.0,7.25
bump_and_run_reversal_bottoms:000646,HBH,cut_by_search_cap,data_limited,,,6.08,6.08,5.39
bump_and_run_reversal_bottoms:000647,HBS,no_pivot_fits_lead_in,data_limited,,,5.48,5.48,4.39
bump_and_run_reversal_bottoms:000648,HCC,ok,standard,7.0,7.82,7.15,7.15,6.0
bump_and_run_reversal_bottoms:000649,HCC,ok,standard,92.0,12.91,8.48,8.48,7.06
bump_and_run_reversal_bottoms:000650,HCC,ok,data_limited,6.0,9.81,8.95,8.95,7.52
bump_and_run_reversal_bottoms:000651,HCD,ok,standard,47.0,9.8,8.48,8.48,7.6
bump_and_run_reversal_bottoms:000652,HCM,ok,premium,7.0,3.84,3.71,3.71,3.4
bump_and_run_reversal_bottoms:000653,HCM,cut_by_search_cap,premium,,,6.97,6.97,5.33
bump_and_run_reversal_bottoms:000654,HCT,ok,data_limited,10.0,10.547,9.084,9.084,7.698
bump_and_run_reversal_bottoms:000655,HCT,no_pivot_fits_lead_in,data_limited,,,9.815,9.815,8.245
bump_and_run_reversal_bottoms:000656,HCT,no_pivot_fits_lead_in,data_limited,,,9.8,9.8,8.6
bump_and_run_reversal_bottoms:000657,HD2,ok,data_limited,1.0,5.75,5.75,5.75,4.6
bump_and_run_reversal_bottoms:000658,HD2,ok,standard,25.0,8.57,8.21,8.21,6.44
bump_and_run_reversal_bottoms:000659,HD2,no_pivot_fits_lead_in,data_limited,,,7.57,7.57,7.28
bump_and_run_reversal_bottoms:000660,HD2,ok,data_limited,80.0,7.64,6.92,6.92,5.97
bump_and_run_reversal_bottoms:000661,HD2,ok,data_limited,16.0,10.3,9.47,9.47,6.96
bump_and_run_reversal_bottoms:000662,HD6,no_pivot_fits_lead_in,premium,,,25.47,25.47,16.57
bump_and_run_reversal_bottoms:000663,HDA,cut_by_search_cap,standard,,,5.0,5.0,4.27
bump_and_run_reversal_bottoms:000664,HDB,ok,standard,144.0,9.98,7.85,7.85,6.05
bump_and_run_reversal_bottoms:000665,HDB,ok,standard,36.0,13.24,12.18,12.18,10.02
bump_and_run_reversal_bottoms:000666,HDB,no_pivot_fits_lead_in,standard,,,30.0,30.0,26.35
bump_and_run_reversal_bottoms:000667,HDC,ok,premium,11.0,22.89,21.88,21.88,19.31
bump_and_run_reversal_bottoms:000668,HDG,ok,standard,14.0,1.46,1.46,1.46,1.22
bump_and_run_reversal_bottoms:000669,HDG,no_pivot_fits_lead_in,premium,,,9.14,9.14,7.65
bump_and_run_reversal_bottoms:000670,HDG,ok,premium,32.0,10.79,10.0,10.0,7.57
bump_and_run_reversal_bottoms:000671,HDG,cut_by_search_cap,standard,,,24.59,24.59,20.34
bump_and_run_reversal_bottoms:000672,HDG,ok,data_limited,102.0,32.5,28.18,28.18,21.3
bump_and_run_reversal_bottoms:000673,HDM,ok,data_limited,10.0,7.69,6.65,6.65,5.29
bump_and_run_reversal_bottoms:000674,HEJ,ok,data_limited,221.0,15.6,11.6,11.6,10.8
bump_and_run_reversal_bottoms:000675,HES,no_pivot_fits_lead_in,data_limited,,,21.368,21.368,18.125
bump_and_run_reversal_bottoms:000676,HGM,ok,standard,36.0,319.18,289.25,289.25,231.12
bump_and_run_reversal_bottoms:000677,HHC,ok,data_limited,7.0,22.021,22.021,22.021,19.757
bump_and_run_reversal_bottoms:000678,HHC,ok,data_limited,10.0,23.973,22.336,22.336,19.82
bump_and_run_reversal_bottoms:000679,HHC,cut_by_search_cap,data_limited,,,100.1,100.1,79.0
bump_and_run_reversal_bottoms:000680,HHG,ok,standard,12.0,9.8,8.6,8.6,6.81
bump_and_run_reversal_bottoms:000681,HHG,ok,loose,69.0,3.9,2.2,2.2,1.3
bump_and_run_reversal_bottoms:000682,HHP,ok,standard,11.0,14.11,14.11,14.11,10.67
bump_and_run_reversal_bottoms:000683,HHS,ok,standard,62.0,2.96,2.53,2.53,2.17
bump_and_run_reversal_bottoms:000684,HHV,ok,premium,18.0,15.16,13.86,13.86,11.9
bump_and_run_reversal_bottoms:000685,HID,ok,premium,8.0,3.83,3.82,3.82,3.27
bump_and_run_reversal_bottoms:000686,HID,ok,premium,29.0,3.38,3.18,3.18,3.07
bump_and_run_reversal_bottoms:000687,HKT,ok,standard,16.0,3.93,3.58,3.58,3.06
bump_and_run_reversal_bottoms:000688,HKT,ok,data_limited,6.0,8.08,7.5,7.5,5.87
bump_and_run_reversal_bottoms:000689,HLA,ok,standard,4.0,1.5,1.4,1.4,1.0
bump_and_run_reversal_bottoms:000690,HLD,ok,standard,9.0,3.58,3.44,3.44,2.65
bump_and_run_reversal_bottoms:000691,HLD,ok,premium,25.0,27.76,24.98,24.98,15.78
bump_and_run_reversal_bottoms:000692,HLD,ok,premium,4.0,16.0,15.49,15.49,13.5
bump_and_run_reversal_bottoms:000693,HLT,no_pivot_before_lead_start,data_limited,,,9.3,9.3,8.8
bump_and_run_reversal_bottoms:000694,HLY,ok,data_limited,14.0,15.217,15.217,15.217,14.834
bump_and_run_reversal_bottoms:000695,HMC,ok,standard,60.0,2.71,2.3,2.3,1.96
bump_and_run_reversal_bottoms:000696,HMC,no_pivot_fits_lead_in,standard,,,17.42,17.42,13.22
bump_and_run_reversal_bottoms:000697,HMH,ok,standard,8.0,7.99,7.99,7.99,6.32
bump_and_run_reversal_bottoms:000698,HMH,ok,standard,37.0,9.98,9.72,9.72,8.18
bump_and_run_reversal_bottoms:000699,HMH,ok,standard,38.0,9.72,8.97,8.97,7.09
bump_and_run_reversal_bottoms:000700,HMH,ok,data_limited,33.0,6.94,6.88,6.88,6.2
bump_and_run_reversal_bottoms:000701,HMH,cut_by_search_cap,data_limited,,,7.01,7.01,6.6
bump_and_run_reversal_bottoms:000702,HMH,no_pivot_fits_lead_in,data_limited,,,17.44,17.44,15.09
bump_and_run_reversal_bottoms:000703,HMR,ok,standard,42.0,8.69,7.98,7.98,5.69
bump_and_run_reversal_bottoms:000704,HMR,ok,standard,8.0,12.5,12.0,12.0,10.9
bump_and_run_reversal_bottoms:000705,HMS,no_pivot_before_lead_start,data_limited,,,23.95,23.95,19.76
bump_and_run_reversal_bottoms:000706,HNA,ok,data_limited,1.0,12.71,12.71,12.71,11.01
bump_and_run_reversal_bottoms:000707,HND,no_pivot_fits_lead_in,standard,,,16.15,16.15,13.83
bump_and_run_reversal_bottoms:000708,HND,ok,standard,14.0,12.59,12.4,12.4,10.9
bump_and_run_reversal_bottoms:000709,HNF,ok,data_limited,4.0,26.55,23.6,23.6,15.09
bump_and_run_reversal_bottoms:000710,HNF,ok,data_limited,118.0,19.38,15.71,15.71,14.27
bump_and_run_reversal_bottoms:000711,HNF,no_pivot_fits_lead_in,data_limited,,,21.3,21.3,15.65
bump_and_run_reversal_bottoms:000712,HNG,ok,loose,33.0,15.45,14.05,14.05,12.8
bump_and_run_reversal_bottoms:000713,HNG,ok,loose,146.0,5.34,4.75,4.75,3.7
bump_and_run_reversal_bottoms:000714,HNG,ok,standard,20.0,7.1,6.6,6.6,5.8
bump_and_run_reversal_bottoms:000715,HNI,no_pivot_fits_lead_in,data_limited,,,22.21,22.21,21.133
bump_and_run_reversal_bottoms:000716,HNM,ok,standard,54.0,15.7,14.35,14.35,9.63
bump_and_run_reversal_bottoms:000717,HNM,ok,standard,16.0,10.57,10.57,10.57,7.93
bump_and_run_reversal_bottoms:000718,HNM,ok,standard,10.0,9.44,9.44,9.44,7.64
bump_and_run_reversal_bottoms:000719,HNM,ok,standard,55.0,8.12,6.61,6.61,6.04
bump_and_run_reversal_bottoms:000720,HNM,ok,data_limited,26.0,17.55,15.29,15.29,9.44
bump_and_run_reversal_bottoms:000721,HOM,no_pivot_before_lead_start,standard,,,4.99,4.99,4.29
bump_and_run_reversal_bottoms:000722,HOM,ok,data_limited,43.0,4.33,4.33,4.33,3.75
bump_and_run_reversal_bottoms:000723,HOM,ok,premium,16.0,11.8,10.8,10.8,8.8
bump_and_run_reversal_bottoms:000724,HOM,ok,standard,32.0,6.1,5.2,5.2,4.3
bump_and_run_reversal_bottoms:000725,HPB,ok,data_limited,64.0,4.29,3.08,3.08,2.39
bump_and_run_reversal_bottoms:000726,HPB,no_pivot_fits_lead_in,data_limited,,,4.14,4.14,4.58
bump_and_run_reversal_bottoms:000727,HPB,no_pivot_fits_lead_in,data_limited,,,6.82,6.82,5.03
bump_and_run_reversal_bottoms:000728,HPG,no_pivot_fits_lead_in,standard,,,3.59,3.59,3.1
bump_and_run_reversal_bottoms:000729,HPG,ok,premium,9.0,2.96,2.88,2.88,2.53
bump_and_run_reversal_bottoms:000730,HPG,no_pivot_fits_lead_in,premium,,,11.47,11.47,9.49
bump_and_run_reversal_bottoms:000731,HPG,ok,premium,28.0,29.89,25.57,25.57,23.31
bump_and_run_reversal_bottoms:000732,HPG,ok,data_limited,25.0,26.29,24.5,24.5,22.55
bump_and_run_reversal_bottoms:000733,HPI,no_pivot_fits_lead_in,data_limited,,,16.0,16.0,13.0
bump_and_run_reversal_bottoms:000734,HPP,ok,standard,25.0,62.19,60.0,60.0,50.48
bump_and_run_reversal_bottoms:000735,HPP,ok,data_limited,16.0,50.25,50.25,50.25,41.45
bump_and_run_reversal_bottoms:000736,HPX,ok,premium,5.0,5.23,5.14,5.14,4.46
bump_and_run_reversal_bottoms:000737,HQC,ok,standard,14.0,3.42,3.11,3.11,2.7
bump_and_run_reversal_bottoms:000738,HRC,ok,data_limited,32.0,27.65,27.65,27.65,25.21
bump_and_run_reversal_bottoms:000739,HSG,ok,premium,19.0,5.3,5.0,5.0,4.51
bump_and_run_reversal_bottoms:000740,HSG,ok,premium,2.0,12.05,12.05,12.05,10.08
bump_and_run_reversal_bottoms:000741,HSG,no_pivot_fits_lead_in,premium,,,30.22,30.22,20.09
bump_and_run_reversal_bottoms:000742,HSI,ok,data_limited,68.0,7.6,5.5,5.5,4.8
bump_and_run_reversal_bottoms:000743,HSI,ok,data_limited,171.0,3.2,2.0,2.0,1.5
bump_and_run_reversal_bottoms:000744,HSL,ok,premium,32.0,5.35,4.58,4.58,3.52
bump_and_run_reversal_bottoms:000745,HSV,ok,standard,229.0,10.2,4.9,4.9,4.1
bump_and_run_reversal_bottoms:000746,HT1,no_pivot_fits_lead_in,standard,,,21.0,21.0,15.7
bump_and_run_reversal_bottoms:000747,HT1,ok,data_limited,29.0,16.05,14.25,14.25,13.2
bump_and_run_reversal_bottoms:000748,HTC,ok,data_limited,50.0,5.11,3.7,3.7,2.96
bump_and_run_reversal_bottoms:000749,HTE,cut_by_search_cap,data_limited,,,5.34,5.34,4.81
bump_and_run_reversal_bottoms:000750,HTE,cut_by_search_cap,standard,,,4.0,4.0,3.5
bump_and_run_reversal_bottoms:000751,HTG,ok,data_limited,5.0,5.71,5.65,5.65,5.25
bump_and_run_reversal_bottoms:000752,HTG,no_pivot_fits_lead_in,data_limited,,,6.63,6.63,5.93
bump_and_run_reversal_bottoms:000753,HTI,ok,standard,12.0,3.27,3.27,3.27,2.53
bump_and_run_reversal_bottoms:000754,HTI,ok,loose,134.0,6.18,5.39,5.39,4.88
bump_and_run_reversal_bottoms:000755,HTI,no_pivot_fits_lead_in,standard,,,12.88,12.88,11.11
bump_and_run_reversal_bottoms:000756,HTL,no_pivot_fits_lead_in,data_limited,,,9.02,9.02,7.0
bump_and_run_reversal_bottoms:000757,HTL,ok,data_limited,15.0,11.87,11.25,11.25,9.74
bump_and_run_reversal_bottoms:000758,HTL,ok,loose,23.0,10.34,9.65,9.65,8.05
bump_and_run_reversal_bottoms:000759,HTM,ok,data_limited,4.0,24.2,23.4,23.4,18.7
bump_and_run_reversal_bottoms:000760,HTM,ok,data_limited,3.0,22.0,22.0,22.0,16.9
bump_and_run_reversal_bottoms:000761,HTP,ok,premium,57.0,57.0,44.0,44.0,39.0
bump_and_run_reversal_bottoms:000762,HTP,ok,standard,44.0,42.5,37.4,37.4,29.0
bump_and_run_reversal_bottoms:000763,HTT,ok,standard,12.0,3.25,3.25,3.25,2.58
bump_and_run_reversal_bottoms:000764,HTT,no_pivot_fits_lead_in,data_limited,,,1.6,1.6,1.4
bump_and_run_reversal_bottoms:000765,HTV,ok,standard,55.0,5.55,3.74,3.74,2.88
bump_and_run_reversal_bottoms:000766,HTV,ok,data_limited,18.0,11.77,10.8,10.8,8.8
bump_and_run_reversal_bottoms:000767,HU1,ok,data_limited,2.0,4.73,4.73,4.73,3.28
bump_and_run_reversal_bottoms:000768,HU3,ok,premium,10.0,11.14,9.63,9.63,7.93
bump_and_run_reversal_bottoms:000769,HU3,ok,standard,15.0,9.44,9.08,9.08,7.56
bump_and_run_reversal_bottoms:000770,HU3,no_pivot_fits_lead_in,standard,,,3.8,3.8,3.3
bump_and_run_reversal_bottoms:000771,HU6,no_pivot_fits_lead_in,data_limited,,,8.24,8.24,6.56
bump_and_run_reversal_bottoms:000772,HU6,ok,standard,206.0,8.8,5.8,5.8,4.7
bump_and_run_reversal_bottoms:000773,HUB,ok,standard,63.0,8.97,8.28,8.28,6.73
bump_and_run_reversal_bottoms:000774,HUB,ok,standard,22.0,16.57,15.51,15.51,13.63
bump_and_run_reversal_bottoms:000775,HUB,ok,standard,36.0,16.5,15.75,15.75,14.45
bump_and_run_reversal_bottoms:000776,HUG,no_pivot_fits_lead_in,data_limited,,,35.755,35.755,31.577
bump_and_run_reversal_bottoms:000777,HUT,no_pivot_fits_lead_in,standard,,,5.11,5.11,3.56
bump_and_run_reversal_bottoms:000778,HUT,ok,premium,68.0,9.77,8.05,8.05,7.08
bump_and_run_reversal_bottoms:000779,HUT,ok,standard,54.0,10.99,10.25,10.25,9.68
bump_and_run_reversal_bottoms:000780,HUT,ok,standard,52.0,19.51,18.15,18.15,15.64
bump_and_run_reversal_bottoms:000781,HUT,ok,standard,140.0,17.67,17.67,17.67,14.19
bump_and_run_reversal_bottoms:000782,HVA,no_pivot_fits_lead_in,loose,,,6.8,6.8,5.3
bump_and_run_reversal_bottoms:000783,HVA,no_pivot_fits_lead_in,standard,,,6.7,6.7,6.2
bump_and_run_reversal_bottoms:000784,HVG,ok,premium,9.0,16.589,15.76,15.76,13.548
bump_and_run_reversal_bottoms:000785,HVG,ok,premium,34.0,15.584,12.167,12.167,11.0
bump_and_run_reversal_bottoms:000786,HVG,ok,standard,11.0,8.1,7.39,7.39,6.93
bump_and_run_reversal_bottoms:000787,HVG,ok,data_limited,87.0,6.1,5.0,5.0,4.6
bump_and_run_reversal_bottoms:000788,HVH,ok,standard,19.0,5.56,5.29,5.29,4.72
bump_and_run_reversal_bottoms:000789,HVH,ok,standard,5.0,14.09,12.64,12.64,10.95
bump_and_run_reversal_bottoms:000790,HVN,ok,premium,24.0,17.08,14.18,14.18,13.1
bump_and_run_reversal_bottoms:000791,HVT,ok,data_limited,69.0,23.48,18.31,18.31,15.05
bump_and_run_reversal_bottoms:000792,HVT,ok,standard,5.0,30.76,29.8,29.8,26.91
bump_and_run_reversal_bottoms:000793,HVX,ok,premium,29.0,8.69,6.57,6.57,4.51
bump_and_run_reversal_bottoms:000794,HVX,cut_by_search_cap,standard,,,4.05,4.05,3.5
bump_and_run_reversal_bottoms:000795,HWS,no_pivot_before_lead_start,data_limited,,,7.78,7.78,7.77
bump_and_run_reversal_bottoms:000796,HWS,ok,data_limited,40.0,11.15,10.29,10.29,9.27
bump_and_run_reversal_bottoms:000797,HWS,ok,standard,33.0,17.64,16.67,16.67,13.78
bump_and_run_reversal_bottoms:000798,ICC,no_pivot_fits_lead_in,data_limited,,,31.573,31.573,27.694
bump_and_run_reversal_bottoms:000799,ICF,no_pivot_before_lead_start,standard,,,3.7,3.7,3.1
bump_and_run_reversal_bottoms:000800,ICF,ok,standard,123.0,5.6,4.3,4.3,3.6
bump_and_run_reversal_bottoms:000801,ICF,ok,data_limited,45.0,3.8,2.98,2.98,2.67
bump_and_run_reversal_bottoms:000802,ICF,ok,loose,114.0,6.8,4.2,4.2,3.3
bump_and_run_reversal_bottoms:000803,ICG,no_pivot_fits_lead_in,standard,,,3.99,3.99,3.6
bump_and_run_reversal_bottoms:000804,ICG,no_pivot_fits_lead_in,loose,,,4.04,4.04,3.55
bump_and_run_reversal_bottoms:000805,ICG,no_pivot_fits_lead_in,data_limited,,,5.3,5.3,4.59
bump_and_run_reversal_bottoms:000806,ICG,ok,standard,9.0,4.94,4.94,4.94,3.96
bump_and_run_reversal_bottoms:000807,ICG,ok,data_limited,59.0,7.12,6.58,6.58,5.8
bump_and_run_reversal_bottoms:000808,ICT,ok,loose,27.0,20.47,17.32,17.32,13.71
bump_and_run_reversal_bottoms:000809,ICT,ok,standard,37.0,13.61,13.04,13.04,10.85
bump_and_run_reversal_bottoms:000810,IDC,no_pivot_before_lead_start,premium,,,15.17,15.17,11.84
bump_and_run_reversal_bottoms:000811,IDC,ok,standard,172.0,15.17,11.41,11.41,9.6
bump_and_run_reversal_bottoms:000812,IDI,no_pivot_fits_lead_in,standard,,,2.15,2.15,1.92
bump_and_run_reversal_bottoms:000813,IDI,ok,premium,7.0,10.25,9.98,9.98,8.39
bump_and_run_reversal_bottoms:000814,IDJ,ok,loose,41.0,1.44,1.32,1.32,1.04
bump_and_run_reversal_bottoms:000815,IDJ,no_pivot_fits_lead_in,data_limited,,,1.6,1.6,1.08
bump_and_run_reversal_bottoms:000816,IDJ,ok,standard,71.0,6.5,6.2,6.2,4.9
bump_and_run_reversal_bottoms:000817,IFS,ok,data_limited,20.0,19.61,19.61,19.61,16.58
bump_and_run_reversal_bottoms:000818,IFS,ok,data_limited,2.0,20.19,20.19,20.19,14.25
bump_and_run_reversal_bottoms:000819,IFS,ok,data_limited,83.0,31.44,27.93,27.93,22.1
bump_and_run_reversal_bottoms:000820,IJC,ok,standard,158.0,4.44,3.74,3.74,2.99
bump_and_run_reversal_bottoms:000821,IJC,ok,premium,24.0,3.09,3.05,3.05,2.73
bump_and_run_reversal_bottoms:000822,ILA,ok,loose,4.0,6.14,6.14,6.14,4.5
bump_and_run_reversal_bottoms:000823,ILS,ok,data_limited,12.0,14.9,12.8,12.8,10.7
bump_and_run_reversal_bottoms:000824,IMP,ok,standard,25.0,18.39,17.16,17.16,15.47
bump_and_run_reversal_bottoms:000825,IMP,ok,standard,3.0,34.74,34.74,34.74,27.93
bump_and_run_reversal_bottoms:000826,INN,ok,data_limited,23.0,23.77,21.75,21.75,17.95
bump_and_run_reversal_bottoms:000827,INN,ok,standard,20.0,17.37,16.27,16.27,13.37
bump_and_run_reversal_bottoms:000828,IPA,ok,data_limited,51.0,8.27,7.67,7.67,6.54
bump_and_run_reversal_bottoms:000829,IPA,ok,standard,126.0,21.9,18.0,18.0,13.8
bump_and_run_reversal_bottoms:000830,IPA,ok,standard,24.0,14.4,13.1,13.1,11.5
bump_and_run_reversal_bottoms:000831,ITA,ok,standard,62.0,7.9,7.0,7.0,6.0
bump_and_run_reversal_bottoms:000832,ITA,ok,premium,32.0,3.68,3.24,3.24,2.49
bump_and_run_reversal_bottoms:000833,ITC,ok,standard,28.0,5.72,4.97,4.97,3.98
bump_and_run_reversal_bottoms:000834,ITC,ok,data_limited,128.0,15.8,13.45,13.45,10.35
bump_and_run_reversal_bottoms:000835,ITD,ok,loose,7.0,9.69,9.28,9.28,8.46
bump_and_run_reversal_bottoms:000836,ITD,ok,data_limited,52.0,14.32,13.69,13.69,12.9
bump_and_run_reversal_bottoms:000837,ITQ,ok,standard,32.0,4.18,3.61,3.61,2.76
bump_and_run_reversal_bottoms:000838,ITS,ok,standard,36.0,9.31,5.63,5.63,3.97
bump_and_run_reversal_bottoms:000839,ITS,ok,data_limited,37.0,3.76,3.03,3.03,2.61
bump_and_run_reversal_bottoms:000840,ITS,cut_by_search_cap,data_limited,,,2.44,2.44,2.25
bump_and_run_reversal_bottoms:000841,IVS,ok,data_limited,86.0,12.1,10.4,10.29,9.4
bump_and_run_reversal_bottoms:000842,IVS,ok,data_limited,18.0,13.5,13.0,12.86,10.78
bump_and_run_reversal_bottoms:000843,IVS,ok,standard,208.0,14.4,11.4,11.28,9.99
bump_and_run_reversal_bottoms:000844,JOS,no_pivot_fits_lead_in,data_limited,,,1.5,1.5,1.1
bump_and_run_reversal_bottoms:000845,JVC,ok,premium,23.0,3.53,3.23,3.23,2.99
bump_and_run_reversal_bottoms:000846,JVC,ok,standard,8.0,3.83,3.8,3.8,3.4
bump_and_run_reversal_bottoms:000847,KBC,no_pivot_fits_lead_in,premium,,,31.88,31.88,28.39
bump_and_run_reversal_bottoms:000848,KBC,ok,premium,32.0,36.3,32.5,32.5,26.6
bump_and_run_reversal_bottoms:000849,KCB,no_pivot_fits_lead_in,standard,,,12.81,12.81,7.69
bump_and_run_reversal_bottoms:000850,KCB,ok,data_limited,3.0,9.57,9.4,9.4,7.21
bump_and_run_reversal_bottoms:000851,KDC,ok,standard,29.0,20.68,19.61,19.61,16.97
bump_and_run_reversal_bottoms:000852,KDC,no_pivot_fits_lead_in,premium,,,29.64,29.64,26.26
bump_and_run_reversal_bottoms:000853,KDC,no_pivot_fits_lead_in,standard,,,36.24,36.24,30.13
bump_and_run_reversal_bottoms:000854,KDC,ok,standard,9.0,57.72,57.62,57.62,55.18
bump_and_run_reversal_bottoms:000855,KDC,ok,premium,12.0,53.2,52.2,52.2,47.5
bump_and_run_reversal_bottoms:000856,KDH,ok,premium,6.0,37.84,36.82,36.82,27.65
bump_and_run_reversal_bottoms:000857,KDM,ok,standard,45.0,20.19,20.19,20.19,16.4
bump_and_run_reversal_bottoms:000858,KGM,ok,standard,53.0,8.56,6.76,6.76,5.86
bump_and_run_reversal_bottoms:000859,KHG,ok,standard,3.0,6.1,6.02,6.02,5.49
bump_and_run_reversal_bottoms:000860,KHP,no_pivot_fits_lead_in,standard,,,4.88,4.88,4.31
bump_and_run_reversal_bottoms:000861,KHP,ok,standard,9.0,9.04,8.8,8.8,7.71
bump_and_run_reversal_bottoms:000862,KKC,ok,data_limited,63.0,11.158,10.438,10.438,9.538
bump_and_run_reversal_bottoms:000863,KLB,ok,standard,38.0,5.54,4.55,4.55,4.35
bump_and_run_reversal_bottoms:000864,KLF,ok,standard,64.0,4.1,2.7,2.7,2.0
bump_and_run_reversal_bottoms:000865,KLF,ok,standard,85.0,2.7,2.1,2.1,1.8
bump_and_run_reversal_bottoms:000866,KMR,ok,standard,40.0,7.6,6.27,6.27,5.09
bump_and_run_reversal_bottoms:000867,KMR,ok,standard,20.0,4.6,4.35,4.35,3.6
bump_and_run_reversal_bottoms:000868,KMR,ok,data_limited,3.0,2.9,2.9,2.9,2.37
bump_and_run_reversal_bottoms:000869,KPF,ok,standard,4.0,5.403,4.984,4.984,4.559
bump_and_run_reversal_bottoms:000870,KPF,ok,data_limited,38.0,21.298,16.837,16.837,11.068
bump_and_run_reversal_bottoms:000871,KPF,ok,standard,13.0,10.565,10.397,10.397,9.123
bump_and_run_reversal_bottoms:000872,KSB,ok,premium,33.0,36.91,34.3,34.3,29.17
bump_and_run_reversal_bottoms:000873,KSB,ok,premium,81.0,34.3,31.03,31.03,24.49
bump_and_run_reversal_bottoms:000874,KSB,ok,premium,22.0,22.98,19.36,19.36,16.86
bump_and_run_reversal_bottoms:000875,KSB,ok,standard,6.0,19.35,19.05,19.05,16.45
bump_and_run_reversal_bottoms:000876,KSB,ok,data_limited,29.0,17.1,15.5,15.5,14.25
bump_and_run_reversal_bottoms:000877,KSD,ok,data_limited,71.0,7.2,4.6,4.6,4.1
bump_and_run_reversal_bottoms:000878,KSD,ok,standard,35.0,6.1,4.5,4.5,3.6
bump_and_run_reversal_bottoms:000879,KSD,ok,standard,81.0,13.4,6.6,6.6,5.7
bump_and_run_reversal_bottoms:000880,KSD,ok,data_limited,11.0,4.0,3.9,3.9,3.5
bump_and_run_reversal_bottoms:000881,KSH,no_pivot_fits_lead_in,premium,,,6.1,6.1,5.2
bump_and_run_reversal_bottoms:000882,KST,no_pivot_fits_lead_in,data_limited,,,5.69,5.69,4.53
bump_and_run_reversal_bottoms:000883,KSV,ok,data_limited,19.0,25.91,25.91,25.91,18.5
bump_and_run_reversal_bottoms:000884,KTC,ok,data_limited,5.0,10.759,9.149,9.149,5.93
bump_and_run_reversal_bottoms:000885,KTL,no_pivot_fits_lead_in,standard,,,13.93,14.23,11.77
bump_and_run_reversal_bottoms:000886,KTL,no_pivot_fits_lead_in,data_limited,,,13.648,13.95,11.82
bump_and_run_reversal_bottoms:000887,KTL,ok,data_limited,6.0,19.279,17.784,18.17,18.4
bump_and_run_reversal_bottoms:000888,KTL,ok,data_limited,79.0,21.075,20.627,21.25,17.87
bump_and_run_reversal_bottoms:000889,KTS,no_pivot_fits_lead_in,data_limited,,,12.31,12.31,10.14
bump_and_run_reversal_bottoms:000890,KTS,ok,data_limited,23.0,55.84,50.69,50.69,40.86
bump_and_run_reversal_bottoms:000891,KTS,ok,data_limited,138.0,51.54,38.89,38.89,22.96
bump_and_run_reversal_bottoms:000892,KTS,no_pivot_fits_lead_in,standard,,,19.87,19.87,15.93
bump_and_run_reversal_bottoms:000893,KTS,ok,data_limited,7.0,50.87,48.91,48.91,42.36
bump_and_run_reversal_bottoms:000894,KTS,ok,data_limited,102.0,42.06,25.24,25.24,19.7
bump_and_run_reversal_bottoms:000895,KTT,ok,data_limited,70.0,7.4,6.4,6.4,4.9
bump_and_run_reversal_bottoms:000896,KVC,cut_by_search_cap,standard,,,2.4,2.4,1.6
bump_and_run_reversal_bottoms:000897,L10,ok,standard,18.0,7.35,7.23,7.23,6.21
bump_and_run_reversal_bottoms:000898,L14,ok,premium,48.0,11.85,9.68,9.68,7.82
bump_and_run_reversal_bottoms:000899,L14,no_pivot_fits_lead_in,premium,,,43.38,43.38,30.93
bump_and_run_reversal_bottoms:000900,L14,ok,premium,4.0,57.16,55.29,55.29,45.23
bump_and_run_reversal_bottoms:000901,L14,ok,premium,29.0,40.1,33.5,33.5,28.3
bump_and_run_reversal_bottoms:000902,L18,ok,premium,13.0,26.4,25.2,25.2,21.04
bump_and_run_reversal_bottoms:000903,L18,ok,standard,91.0,26.4,22.8,22.8,17.92
bump_and_run_reversal_bottoms:000904,L43,ok,data_limited,32.0,8.1,5.0,5.0,3.7
bump_and_run_reversal_bottoms:000905,L44,ok,data_limited,33.0,6.022,5.162,5.162,4.614
bump_and_run_reversal_bottoms:000906,L44,no_pivot_fits_lead_in,data_limited,,,3.3,3.3,1.8
bump_and_run_reversal_bottoms:000907,L45,ok,data_limited,11.0,12.1,12.1,12.1,6.2
bump_and_run_reversal_bottoms:000908,LAF,no_pivot_fits_lead_in,standard,,,10.52,10.52,9.44
bump_and_run_reversal_bottoms:000909,LAF,ok,loose,1.0,10.23,10.23,10.23,9.16
bump_and_run_reversal_bottoms:000910,LAF,ok,data_limited,118.0,8.94,5.21,5.21,4.11
bump_and_run_reversal_bottoms:000911,LAF,no_pivot_fits_lead_in,data_limited,,,7.37,7.37,5.82
bump_and_run_reversal_bottoms:000912,LAS,ok,loose,19.0,13.1,12.79,12.79,11.82
bump_and_run_reversal_bottoms:000913,LAS,ok,standard,2.0,11.54,11.54,11.54,10.2
bump_and_run_reversal_bottoms:000914,LAS,ok,standard,12.0,7.75,7.35,7.35,6.15
bump_and_run_reversal_bottoms:000915,LAS,ok,premium,19.0,27.74,24.47,24.47,20.55
bump_and_run_reversal_bottoms:000916,LBE,ok,data_limited,6.0,13.95,13.95,13.95,12.77
bump_and_run_reversal_bottoms:000917,LBM,ok,standard,48.0,5.55,5.33,5.33,4.46
bump_and_run_reversal_bottoms:000918,LBM,ok,standard,2.0,36.37,36.37,36.37,31.0
bump_and_run_reversal_bottoms:000919,LCG,ok,standard,161.0,3.94,3.37,3.37,2.73
bump_and_run_reversal_bottoms:000920,LCG,ok,standard,1.0,2.92,2.92,2.92,2.42
bump_and_run_reversal_bottoms:000921,LCG,ok,standard,43.0,2.54,2.31,2.31,1.89
bump_and_run_reversal_bottoms:000922,LCG,ok,standard,7.0,2.02,1.87,1.87,1.69
bump_and_run_reversal_bottoms:000923,LCG,ok,premium,23.0,4.31,4.31,4.31,3.59
bump_and_run_reversal_bottoms:000924,LCM,ok,standard,12.0,1.61,1.31,1.31,1.1
bump_and_run_reversal_bottoms:000925,LCM,ok,standard,203.0,1.18,0.79,0.79,0.7
bump_and_run_reversal_bottoms:000926,LCM,ok,premium,6.0,1.05,0.86,0.86,0.63
bump_and_run_reversal_bottoms:000927,LDG,ok,premium,31.0,5.13,4.5,4.5,3.7
bump_and_run_reversal_bottoms:000928,LDP,ok,data_limited,22.0,17.23,14.8,14.8,12.2
bump_and_run_reversal_bottoms:000929,LDP,no_pivot_fits_lead_in,data_limited,,,25.0,25.0,19.3
bump_and_run_reversal_bottoms:000930,LEC,cut_by_search_cap,data_limited,,,19.75,19.75,17.9
bump_and_run_reversal_bottoms:000931,LEC,ok,loose,11.0,18.8,18.5,18.5,17.45
bump_and_run_reversal_bottoms:000932,LEC,ok,data_limited,3.0,14.3,14.3,14.3,11.2
bump_and_run_reversal_bottoms:000933,LG9,ok,standard,106.0,11.0,7.0,7.0,5.4
bump_and_run_reversal_bottoms:000934,LGC,ok,standard,65.0,5.307,4.733,4.733,3.681
bump_and_run_reversal_bottoms:000935,LGC,no_pivot_fits_lead_in,data_limited,,,21.145,21.145,17.215
bump_and_run_reversal_bottoms:000936,LGC,ok,data_limited,107.0,74.647,52.369,52.369,46.135
bump_and_run_reversal_bottoms:000937,LHC,ok,data_limited,4.0,5.31,5.26,5.26,4.9
bump_and_run_reversal_bottoms:000938,LHG,ok,standard,28.0,4.99,3.79,3.79,2.76
bump_and_run_reversal_bottoms:000939,LHG,ok,standard,82.0,35.25,21.56,21.56,21.26
bump_and_run_reversal_bottoms:000940,LIC,ok,premium,51.0,43.8,32.0,32.0,26.0
bump_and_run_reversal_bottoms:000941,LIG,ok,standard,8.0,7.24,6.92,6.92,5.9
bump_and_run_reversal_bottoms:000942,LIG,ok,standard,8.0,7.35,7.01,7.01,6.4
bump_and_run_reversal_bottoms:000943,LIG,ok,standard,11.0,7.9,7.9,7.9,5.46
bump_and_run_reversal_bottoms:000944,LIG,ok,loose,18.0,4.87,4.7,4.7,3.69
bump_and_run_reversal_bottoms:000945,LIX,ok,standard,4.0,4.88,4.83,4.83,4.13
bump_and_run_reversal_bottoms:000946,LIX,ok,premium,19.0,17.04,15.76,15.76,14.57
bump_and_run_reversal_bottoms:000947,LLM,no_pivot_fits_lead_in,data_limited,,,21.42,21.42,16.61
bump_and_run_reversal_bottoms:000948,LM3,ok,data_limited,31.0,3.1,3.0,3.0,2.6
bump_and_run_reversal_bottoms:000949,LM3,no_pivot_fits_lead_in,data_limited,,,4.6,4.6,3.7
bump_and_run_reversal_bottoms:000950,LM7,ok,data_limited,233.0,8.0,4.2,4.2,3.5
bump_and_run_reversal_bottoms:000951,LPB,no_pivot_fits_lead_in,premium,,,33.71,33.71,30.11
bump_and_run_reversal_bottoms:000952,LPT,ok,standard,11.0,6.73,6.12,6.12,5.42
bump_and_run_reversal_bottoms:000953,LSG,ok,premium,20.0,14.0,11.0,11.0,8.1
bump_and_run_reversal_bottoms:000954,LSS,ok,standard,1.0,6.87,6.87,6.87,5.95
bump_and_run_reversal_bottoms:000955,LSS,ok,standard,12.0,6.13,6.08,6.08,5.12
bump_and_run_reversal_bottoms:000956,LSS,ok,standard,13.0,7.71,7.67,7.67,6.53
bump_and_run_reversal_bottoms:000957,LSS,cut_by_search_cap,premium,,,3.95,3.95,4.13
bump_and_run_reversal_bottoms:000958,LTG,ok,data_limited,67.0,18.2,8.1,8.1,7.6
bump_and_run_reversal_bottoms:000959,LUT,ok,data_limited,35.0,5.9,5.7,5.7,4.7
bump_and_run_reversal_bottoms:000960,LUT,ok,standard,3.0,3.1,3.1,3.1,2.8
bump_and_run_reversal_bottoms:000961,LUT,ok,loose,51.0,3.4,3.0,3.0,2.7
bump_and_run_reversal_bottoms:000962,M10,ok,data_limited,7.0,17.53,17.39,17.39,16.24
bump_and_run_reversal_bottoms:000963,MA1,no_pivot_before_lead_start,data_limited,,,11.064,11.064,9.018
bump_and_run_reversal_bottoms:000964,MA1,no_pivot_fits_lead_in,data_limited,,,35.375,35.375,24.323
bump_and_run_reversal_bottoms:000965,MAC,ok,data_limited,17.0,3.01,2.64,2.64,2.13
bump_and_run_reversal_bottoms:000966,MAC,no_pivot_fits_lead_in,standard,,,4.22,4.22,3.75
bump_and_run_reversal_bottoms:000967,MAS,no_pivot_fits_lead_in,standard,,,88.25,88.25,81.79
bump_and_run_reversal_bottoms:000968,MBB,no_pivot_fits_lead_in,premium,,,6.61,6.61,5.37
bump_and_run_reversal_bottoms:000969,MBB,ok,premium,89.0,6.61,5.14,5.14,4.41
bump_and_run_reversal_bottoms:000970,MBB,ok,standard,24.0,12.62,12.44,12.44,9.26
bump_and_run_reversal_bottoms:000971,MBB,ok,data_limited,9.0,23.63,23.11,23.11,19.992
bump_and_run_reversal_bottoms:000972,MBG,cut_by_search_cap,standard,,,8.81,8.81,5.72
bump_and_run_reversal_bottoms:000973,MBG,cut_by_search_cap,standard,,,4.0,4.0,3.3
bump_and_run_reversal_bottoms:000974,MBG,no_pivot_fits_lead_in,standard,,,4.7,4.7,3.5
bump_and_run_reversal_bottoms:000975,MBS,no_pivot_before_lead_start,standard,,,1.317,1.38,1.23
bump_and_run_reversal_bottoms:000976,MBT,ok,data_limited,7.0,14.4,14.4,14.4,11.9
bump_and_run_reversal_bottoms:000977,MCC,ok,data_limited,56.0,14.93,12.79,12.79,11.41
bump_and_run_reversal_bottoms:000978,MCC,ok,data_limited,82.0,14.93,11.61,11.61,10.15
bump_and_run_reversal_bottoms:000979,MCF,ok,data_limited,21.0,5.93,5.52,5.52,4.83
bump_and_run_reversal_bottoms:000980,MCF,ok,data_limited,25.0,6.15,5.1,5.1,3.99
bump_and_run_reversal_bottoms:000981,MCF,no_pivot_fits_lead_in,data_limited,,,6.2,6.2,5.07
bump_and_run_reversal_bottoms:000982,MCF,ok,standard,70.0,7.74,7.61,7.61,5.83
bump_and_run_reversal_bottoms:000983,MCF,ok,standard,6.0,8.64,8.14,8.14,7.55
bump_and_run_reversal_bottoms:000984,MCG,no_pivot_fits_lead_in,premium,,,9.6,9.6,6.9
bump_and_run_reversal_bottoms:000985,MCG,ok,standard,16.0,4.0,3.7,3.7,2.5
bump_and_run_reversal_bottoms:000986,MCM,ok,standard,19.0,32.32,30.66,30.66,26.66
bump_and_run_reversal_bottoms:000987,MCO,ok,standard,29.0,2.8,2.1,2.1,1.8
bump_and_run_reversal_bottoms:000988,MCO,ok,data_limited,237.0,10.1,4.0,4.0,3.8
bump_and_run_reversal_bottoms:000989,MCO,ok,standard,84.0,16.4,12.8,12.8,8.7
bump_and_run_reversal_bottoms:000990,MCP,no_pivot_fits_lead_in,data_limited,,,25.15,25.15,21.48
bump_and_run_reversal_bottoms:000991,MDC,ok,loose,85.0,15.2,10.74,10.74,9.33
bump_and_run_reversal_bottoms:000992,MDC,ok,data_limited,42.0,12.5,9.23,9.23,8.3
bump_and_run_reversal_bottoms:000993,MDF,ok,data_limited,139.0,9.2,6.1,6.1,6.2
bump_and_run_reversal_bottoms:000994,MDG,ok,standard,54.0,4.65,3.49,3.49,3.0
bump_and_run_reversal_bottoms:000995,MDG,no_pivot_fits_lead_in,data_limited,,,8.24,8.24,9.06
bump_and_run_reversal_bottoms:000996,MDG,ok,data_limited,2.0,18.61,18.61,18.61,13.88
bump_and_run_reversal_bottoms:000997,MEC,ok,data_limited,19.0,5.56,5.0,5.0,4.45
bump_and_run_reversal_bottoms:000998,MEC,ok,data_limited,91.0,3.9,3.1,3.1,2.6
bump_and_run_reversal_bottoms:000999,MEC,ok,data_limited,13.0,6.4,6.3,6.3,6.1
bump_and_run_reversal_bottoms:001000,MFS,ok,premium,14.0,15.09,15.09,15.09,13.52
bump_and_run_reversal_bottoms:001001,MFS,ok,standard,11.0,25.37,24.43,24.43,21.28
bump_and_run_reversal_bottoms:001002,MFS,ok,data_limited,4.0,38.5,36.0,36.0,31.9
bump_and_run_reversal_bottoms:001003,MGG,no_pivot_fits_lead_in,data_limited,,,34.794,34.794,16.593
bump_and_run_reversal_bottoms:001004,MGR,ok,data_limited,215.0,11.1,7.7,7.7,5.2
bump_and_run_reversal_bottoms:001005,MH3,cut_by_search_cap,data_limited,,,39.13,39.13,35.25
bump_and_run_reversal_bottoms:001006,MHC,ok,standard,83.0,4.33,3.97,3.97,3.53
bump_and_run_reversal_bottoms:001007,MHC,ok,premium,47.0,3.54,3.0,3.0,2.23
bump_and_run_reversal_bottoms:001008,MHC,ok,premium,7.0,8.6,8.51,8.51,7.39
bump_and_run_reversal_bottoms:001009,MHL,ok,data_limited,7.0,7.091,6.273,6.273,5.364
bump_and_run_reversal_bottoms:001010,MIG,ok,standard,19.0,8.01,7.43,7.43,6.78
bump_and_run_reversal_bottoms:001011,MIG,ok,standard,12.0,16.07,15.48,15.48,13.71
bump_and_run_reversal_bottoms:001012,MIG,ok,standard,3.0,19.39,19.06,19.06,16.85
bump_and_run_reversal_bottoms:001013,MKP,ok,data_limited,19.0,29.2,25.98,25.98,23.99
bump_and_run_reversal_bottoms:001014,MKP,no_pivot_fits_lead_in,data_limited,,,32.26,32.26,27.96
bump_and_run_reversal_bottoms:001015,MKV,no_pivot_fits_lead_in,data_limited,,,15.41,15.41,8.01
bump_and_run_reversal_bottoms:001016,MKV,ok,data_limited,249.0,35.05,14.41,14.41,13.04
bump_and_run_reversal_bottoms:001017,MKV,ok,data_limited,12.0,10.5,10.0,10.0,9.6
bump_and_run_reversal_bottoms:001018,MLS,ok,premium,5.0,46.29,44.65,44.65,36.34
bump_and_run_reversal_bottoms:001019,MML,ok,premium,26.0,56.58,52.43,52.43,39.67
bump_and_run_reversal_bottoms:001020,MML,ok,standard,8.0,75.0,69.9,69.9,60.5
bump_and_run_reversal_bottoms:001021,MML,ok,data_limited,9.0,38.0,36.1,36.1,34.9
bump_and_run_reversal_bottoms:001022,MML,ok,standard,10.0,35.8,31.1,31.1,25.8
bump_and_run_reversal_bottoms:001023,MML,ok,data_limited,32.0,34.0,31.6,31.6,29.1
bump_and_run_reversal_bottoms:001024,MPC,no_pivot_fits_lead_in,premium,,,18.09,18.09,11.48
bump_and_run_reversal_bottoms:001025,MPC,no_pivot_fits_lead_in,premium,,,20.35,20.35,17.39
bump_and_run_reversal_bottoms:001026,MQN,no_pivot_fits_lead_in,data_limited,,,23.24,23.24,17.7
bump_and_run_reversal_bottoms:001027,MQN,no_pivot_fits_lead_in,data_limited,,,23.0,23.0,18.6
bump_and_run_reversal_bottoms:001028,MRF,no_pivot_before_lead_start,data_limited,,,11.631,11.631,8.244
bump_and_run_reversal_bottoms:001029,MRF,no_pivot_fits_lead_in,data_limited,,,29.379,29.379,19.879
bump_and_run_reversal_bottoms:001030,MSB,ok,premium,72.0,12.97,9.56,9.56,8.2
bump_and_run_reversal_bottoms:001031,MSN,ok,premium,12.0,74.45,74.12,74.12,65.47
bump_and_run_reversal_bottoms:001032,MSN,ok,premium,156.0,65.55,53.25,53.25,43.7
bump_and_run_reversal_bottoms:001033,MSN,ok,premium,2.0,136.49,136.49,136.49,114.16
bump_and_run_reversal_bottoms:001034,MSN,no_pivot_fits_lead_in,standard,,,82.3,82.3,69.1
bump_and_run_reversal_bottoms:001035,MSR,ok,premium,41.0,26.25,15.42,15.42,10.91
bump_and_run_reversal_bottoms:001036,MSR,ok,standard,27.0,18.18,16.18,16.18,14.4
bump_and_run_reversal_bottoms:001037,MST,ok,standard,57.0,6.82,5.55,5.55,4.73
bump_and_run_reversal_bottoms:001038,MST,ok,standard,29.0,6.91,6.82,6.82,5.55
bump_and_run_reversal_bottoms:001039,MTA,ok,standard,133.0,7.17,3.44,3.44,2.96
bump_and_run_reversal_bottoms:001040,MTA,no_pivot_fits_lead_in,premium,,,9.18,9.18,6.88
bump_and_run_reversal_bottoms:001041,MTG,ok,data_limited,35.0,8.54,7.68,7.68,5.46
bump_and_run_reversal_bottoms:001042,MTL,ok,data_limited,99.0,11.7,7.7,7.7,5.5
bump_and_run_reversal_bottoms:001043,MTL,ok,standard,17.0,7.0,7.0,7.0,6.0
bump_and_run_reversal_bottoms:001044,MTP,no_pivot_fits_lead_in,data_limited,,,5.67,5.67,5.01
bump_and_run_reversal_bottoms:001045,MVB,ok,standard,26.0,20.8,19.5,19.5,16.2
bump_and_run_reversal_bottoms:001046,MVC,ok,standard,7.0,14.54,14.31,14.31,10.89
bump_and_run_reversal_bottoms:001047,MVC,ok,standard,15.0,12.83,12.83,12.83,10.34
bump_and_run_reversal_bottoms:001048,MVC,cut_by_search_cap,standard,,,12.02,12.02,8.72
bump_and_run_reversal_bottoms:001049,MVN,ok,data_limited,36.0,20.28,18.88,18.88,12.89
bump_and_run_reversal_bottoms:001050,MVN,no_pivot_fits_lead_in,premium,,,21.98,21.98,17.38
bump_and_run_reversal_bottoms:001051,MVN,ok,premium,71.0,70.5,58.2,58.2,51.4
bump_and_run_reversal_bottoms:001052,MVN,no_pivot_fits_lead_in,data_limited,,,64.0,64.0,61.0
bump_and_run_reversal_bottoms:001053,MWG,ok,premium,3.0,68.73,67.76,67.76,57.76
bump_and_run_reversal_bottoms:001054,NAB,no_pivot_fits_lead_in,standard,,,6.95,6.95,5.36
bump_and_run_reversal_bottoms:001055,NAG,ok,standard,110.0,2.96,2.72,2.72,2.17
bump_and_run_reversal_bottoms:001056,NAG,ok,standard,25.0,11.76,11.54,11.54,9.61
bump_and_run_reversal_bottoms:001057,NAS,no_pivot_fits_lead_in,data_limited,,,34.5,34.5,36.9
bump_and_run_reversal_bottoms:001058,NAV,no_pivot_fits_lead_in,data_limited,,,2.29,2.29,2.0
bump_and_run_reversal_bottoms:001059,NAV,ok,data_limited,68.0,2.94,2.47,2.47,1.93
bump_and_run_reversal_bottoms:001060,NAV,ok,standard,195.0,15.87,13.8,13.8,11.12
bump_and_run_reversal_bottoms:001061,NBB,ok,standard,12.0,17.1,17.1,17.1,14.1
bump_and_run_reversal_bottoms:001062,NBB,ok,premium,27.0,19.7,18.7,18.7,17.8
bump_and_run_reversal_bottoms:001063,NBC,ok,standard,22.0,11.89,11.25,11.25,9.76
bump_and_run_reversal_bottoms:001064,NBC,ok,loose,96.0,11.17,9.62,9.62,7.96
bump_and_run_reversal_bottoms:001065,NBP,ok,data_limited,58.0,7.62,7.62,7.62,6.8
bump_and_run_reversal_bottoms:001066,NCG,ok,standard,8.0,13.9,12.9,12.9,11.1
bump_and_run_reversal_bottoms:001067,NCS,ok,data_limited,2.0,40.65,40.65,40.65,36.96
bump_and_run_reversal_bottoms:001068,NDC,no_pivot_fits_lead_in,data_limited,,,19.632,19.632,17.847
bump_and_run_reversal_bottoms:001069,NDC,ok,data_limited,46.0,179.795,146.175,146.175,125.613
bump_and_run_reversal_bottoms:001070,NDN,ok,standard,16.0,4.55,4.52,4.52,3.81
bump_and_run_reversal_bottoms:001071,NDN,ok,standard,76.0,3.63,3.42,3.42,2.76
bump_and_run_reversal_bottoms:001072,NDN,ok,premium,57.0,9.39,9.39,9.39,7.55
bump_and_run_reversal_bottoms:001073,NDN,ok,standard,75.0,22.92,18.57,18.57,13.36
bump_and_run_reversal_bottoms:001074,NDN,ok,loose,56.0,12.22,9.38,9.38,8.53
bump_and_run_reversal_bottoms:001075,NDP,cut_by_search_cap,data_limited,,,24.283,24.283,18.684
bump_and_run_reversal_bottoms:001076,NDT,ok,standard,29.0,8.5,7.7,7.7,6.8
bump_and_run_reversal_bottoms:001077,NDT,ok,data_limited,92.0,6.3,5.6,5.6,5.0
bump_and_run_reversal_bottoms:001078,NDX,no_pivot_fits_lead_in,standard,,,8.503,8.503,7.391
bump_and_run_reversal_bottoms:001079,NET,ok,data_limited,7.0,54.26,43.33,43.33,40.93
bump_and_run_reversal_bottoms:001080,NET,no_pivot_fits_lead_in,standard,,,87.35,87.35,72.87
bump_and_run_reversal_bottoms:001081,NGC,no_pivot_fits_lead_in,data_limited,,,11.451,11.451,8.4
bump_and_run_reversal_bottoms:001082,NHA,no_pivot_fits_lead_in,standard,,,4.03,4.03,2.83
bump_and_run_reversal_bottoms:001083,NHA,ok,standard,64.0,2.69,2.46,2.46,2.07
bump_and_run_reversal_bottoms:001084,NHA,ok,loose,109.0,2.69,2.49,2.49,2.27
bump_and_run_reversal_bottoms:001085,NHH,no_pivot_fits_lead_in,data_limited,,,14.88,14.88,12.39
bump_and_run_reversal_bottoms:001086,NHH,no_pivot_fits_lead_in,standard,,,35.07,35.07,31.17
bump_and_run_reversal_bottoms:001087,NHH,ok,standard,2.0,14.34,14.34,14.34,12.94
bump_and_run_reversal_bottoms:001088,NHP,ok,premium,4.0,14.43,13.95,13.95,13.067
bump_and_run_reversal_bottoms:001089,NHT,no_pivot_fits_lead_in,data_limited,,,19.65,19.65,16.22
bump_and_run_reversal_bottoms:001090,NHT,cut_by_search_cap,standard,,,9.77,9.77,8.68
bump_and_run_reversal_bottoms:001091,NKG,no_pivot_fits_lead_in,premium,,,4.01,4.01,3.2
bump_and_run_reversal_bottoms:001092,NKG,ok,standard,27.0,18.45,16.08,16.08,14.05
bump_and_run_reversal_bottoms:001093,NKG,ok,standard,27.0,18.55,16.5,16.5,13.09
bump_and_run_reversal_bottoms:001094,NLG,no_pivot_fits_lead_in,premium,,,21.43,21.43,16.86
bump_and_run_reversal_bottoms:001095,NLG,ok,premium,21.0,57.42,52.31,52.31,36.36
bump_and_run_reversal_bottoms:001096,NLG,ok,premium,8.0,36.11,35.13,35.13,32.34
bump_and_run_reversal_bottoms:001097,NLG,ok,premium,42.0,39.39,31.2,31.2,27.47
bump_and_run_reversal_bottoms:001098,NNC,ok,standard,148.0,25.94,18.29,18.29,14.25
bump_and_run_reversal_bottoms:001099,NO1,ok,data_limited,29.0,7.33,7.27,7.27,6.4
bump_and_run_reversal_bottoms:001100,NO1,ok,premium,16.0,6.69,6.35,6.35,5.84
bump_and_run_reversal_bottoms:001101,NOS,ok,data_limited,18.0,1.4,1.2,1.2,0.9
bump_and_run_reversal_bottoms:001102,NRC,no_pivot_fits_lead_in,premium,,,25.4,25.4,19.77
bump_and_run_reversal_bottoms:001103,NS2,ok,data_limited,16.0,27.07,24.643,24.643,20.566
bump_and_run_reversal_bottoms:001104,NS2,ok,data_limited,21.0,11.645,11.175,11.175,9.576
bump_and_run_reversal_bottoms:001105,NSC,ok,standard,8.0,79.54,78.29,78.29,66.91
bump_and_run_reversal_bottoms:001106,NSH,ok,premium,15.0,12.3,9.9,9.9,7.7
bump_and_run_reversal_bottoms:001107,NSH,no_pivot_fits_lead_in,premium,,,22.3,22.3,13.9
bump_and_run_reversal_bottoms:001108,NSH,ok,standard,95.0,7.4,5.4,5.4,4.6
bump_and_run_reversal_bottoms:001109,NST,ok,standard,6.0,6.31,5.41,5.41,4.07
bump_and_run_reversal_bottoms:001110,NST,ok,data_limited,29.0,5.21,3.99,3.99,3.66
bump_and_run_reversal_bottoms:001111,NST,ok,data_limited,7.0,6.39,6.39,6.39,5.25
bump_and_run_reversal_bottoms:001112,NST,ok,standard,29.0,8.98,6.66,6.66,5.69
bump_and_run_reversal_bottoms:001113,NST,ok,data_limited,11.0,8.39,8.27,8.27,6.53
bump_and_run_reversal_bottoms:001114,NT2,ok,standard,180.0,17.03,14.01,14.01,13.23
bump_and_run_reversal_bottoms:001115,NT2,ok,standard,6.0,15.03,14.65,14.65,12.32
bump_and_run_reversal_bottoms:001116,NT2,no_pivot_fits_lead_in,premium,,,18.56,18.56,15.16
bump_and_run_reversal_bottoms:001117,NT2,ok,loose,36.0,24.08,22.33,22.33,18.28
bump_and_run_reversal_bottoms:001118,NTB,ok,standard,1.0,2.3,2.3,2.3,1.9
bump_and_run_reversal_bottoms:001119,NTC,no_pivot_fits_lead_in,premium,,,222.73,222.73,180.97
bump_and_run_reversal_bottoms:001120,NTL,ok,standard,69.0,3.52,3.34,3.34,2.93
bump_and_run_reversal_bottoms:001121,NTL,ok,standard,95.0,2.85,2.42,2.42,2.12
bump_and_run_reversal_bottoms:001122,NTL,ok,loose,101.0,7.3,5.97,5.97,5.01
bump_and_run_reversal_bottoms:001123,NTL,ok,standard,1.0,25.84,25.84,25.84,18.14
bump_and_run_reversal_bottoms:001124,NTP,ok,standard,28.0,12.15,11.05,11.05,10.22
bump_and_run_reversal_bottoms:001125,NTP,ok,standard,12.0,23.01,21.46,21.46,17.59
bump_and_run_reversal_bottoms:001126,NTP,no_pivot_fits_lead_in,standard,,,27.36,27.36,23.77
bump_and_run_reversal_bottoms:001127,NTP,ok,standard,1.0,65.66,65.66,65.66,48.27
bump_and_run_reversal_bottoms:001128,NTT,no_pivot_fits_lead_in,data_limited,,,10.9,10.9,9.2
bump_and_run_reversal_bottoms:001129,NVB,ok,standard,36.0,7.43,6.95,6.95,6.23
bump_and_run_reversal_bottoms:001130,NVB,ok,standard,146.0,21.5,16.9,16.9,11.6
bump_and_run_reversal_bottoms:001131,NVB,ok,standard,13.0,14.9,14.3,14.3,11.2
bump_and_run_reversal_bottoms:001132,NVL,ok,premium,9.0,38.66,37.78,37.78,30.95
bump_and_run_reversal_bottoms:001133,NVL,ok,standard,20.0,17.63,14.09,14.09,11.81
bump_and_run_reversal_bottoms:001134,OCH,ok,standard,21.0,9.5,8.5,8.5,7.0
bump_and_run_reversal_bottoms:001135,OGC,ok,standard,46.0,14.94,13.04,13.04,8.75
bump_and_run_reversal_bottoms:001136,OGC,no_pivot_fits_lead_in,loose,,,13.0,13.0,13.8
bump_and_run_reversal_bottoms:001137,OIL,ok,data_limited,6.0,17.4,15.9,15.9,13.3
bump_and_run_reversal_bottoms:001138,ONE,ok,loose,5.0,3.64,3.58,3.58,3.11
bump_and_run_reversal_bottoms:001139,ONE,ok,data_limited,43.0,7.88,7.43,7.43,6.14
bump_and_run_reversal_bottoms:001140,OPC,ok,data_limited,5.0,7.93,7.93,7.93,7.18
bump_and_run_reversal_bottoms:001141,OPC,ok,premium,59.0,15.84,15.32,15.32,14.09
bump_and_run_reversal_bottoms:001142,ORS,ok,standard,27.0,2.56,2.15,2.15,1.94
bump_and_run_reversal_bottoms:001143,ORS,no_pivot_fits_lead_in,premium,,,26.74,26.74,18.31
bump_and_run_reversal_bottoms:001144,PAC,no_pivot_fits_lead_in,premium,,,8.7,8.7,7.71
bump_and_run_reversal_bottoms:001145,PAC,ok,data_limited,152.0,21.64,19.53,19.53,17.47
bump_and_run_reversal_bottoms:001146,PAC,ok,standard,65.0,17.33,16.6,16.6,14.75
bump_and_run_reversal_bottoms:001147,PAN,ok,standard,19.0,18.61,16.0,16.0,13.71
bump_and_run_reversal_bottoms:001148,PAN,ok,premium,20.0,17.54,16.81,16.81,13.78
bump_and_run_reversal_bottoms:001149,PAT,ok,standard,48.0,84.66,81.34,81.34,73.02
bump_and_run_reversal_bottoms:001150,PBC,ok,premium,4.0,17.25,17.25,17.25,14.34
bump_and_run_reversal_bottoms:001151,PBC,ok,standard,53.0,11.65,9.71,9.71,6.99
bump_and_run_reversal_bottoms:001152,PBP,ok,data_limited,98.0,9.93,8.65,8.65,5.25
bump_and_run_reversal_bottoms:001153,PC1,ok,premium,13.0,8.11,7.94,7.94,6.93
bump_and_run_reversal_bottoms:001154,PC1,no_pivot_fits_lead_in,premium,,,28.54,28.54,21.07
bump_and_run_reversal_bottoms:001155,PCG,ok,data_limited,17.0,8.82,8.64,8.64,6.19
bump_and_run_reversal_bottoms:001156,PCG,ok,data_limited,111.0,8.64,6.2,6.2,5.43
bump_and_run_reversal_bottoms:001157,PCT,no_pivot_fits_lead_in,data_limited,,,4.72,4.72,3.49
bump_and_run_reversal_bottoms:001158,PCT,ok,standard,17.0,13.8,13.0,13.0,11.9
bump_and_run_reversal_bottoms:001159,PCT,ok,standard,30.0,11.4,11.0,11.0,10.0
bump_and_run_reversal_bottoms:001160,PDB,ok,standard,97.0,10.62,9.25,9.25,7.58
bump_and_run_reversal_bottoms:001161,PDB,no_pivot_fits_lead_in,premium,,,26.98,26.98,13.83
bump_and_run_reversal_bottoms:001162,PDB,no_pivot_fits_lead_in,standard,,,26.89,26.89,20.29
bump_and_run_reversal_bottoms:001163,PDC,ok,data_limited,4.0,4.8,4.6,4.6,3.7
bump_and_run_reversal_bottoms:001164,PDC,ok,data_limited,40.0,6.3,6.1,6.1,5.1
bump_and_run_reversal_bottoms:001165,PDN,no_pivot_fits_lead_in,standard,,,6.43,6.43,5.43
bump_and_run_reversal_bottoms:001166,PDN,ok,standard,68.0,21.25,19.09,19.09,15.88
bump_and_run_reversal_bottoms:001167,PDR,ok,data_limited,40.0,3.46,2.66,2.66,2.13
bump_and_run_reversal_bottoms:001168,PDR,no_pivot_fits_lead_in,premium,,,3.67,3.67,3.01
bump_and_run_reversal_bottoms:001169,PDR,ok,standard,7.0,11.73,11.73,11.73,8.84
bump_and_run_reversal_bottoms:001170,PDR,cut_by_search_cap,loose,,,22.59,22.59,18.86
bump_and_run_reversal_bottoms:001171,PDR,ok,premium,18.0,27.0,23.35,23.35,18.2
bump_and_run_reversal_bottoms:001172,PDV,no_pivot_fits_lead_in,standard,,,13.73,13.73,11.48
bump_and_run_reversal_bottoms:001173,PEG,no_pivot_fits_lead_in,data_limited,,,14.5,14.5,7.3
bump_and_run_reversal_bottoms:001174,PEN,no_pivot_fits_lead_in,data_limited,,,7.343,7.343,6.355
bump_and_run_reversal_bottoms:001175,PEN,no_pivot_fits_lead_in,standard,,,10.6,10.6,9.4
bump_and_run_reversal_bottoms:001176,PFL,no_pivot_fits_lead_in,standard,,,3.8,3.8,2.5
bump_and_run_reversal_bottoms:001177,PGB,no_pivot_fits_lead_in,premium,,,19.61,19.61,14.43
bump_and_run_reversal_bottoms:001178,PGB,ok,standard,11.0,15.05,13.76,13.76,12.41
bump_and_run_reversal_bottoms:001179,PGB,ok,standard,31.0,16.44,13.09,13.09,11.81
bump_and_run_reversal_bottoms:001180,PGB,ok,premium,69.0,12.75,12.08,12.08,10.54
bump_and_run_reversal_bottoms:001181,PGB,ok,standard,3.0,12.56,12.56,12.56,11.26
bump_and_run_reversal_bottoms:001182,PGC,ok,standard,6.0,14.79,14.66,14.66,12.62
bump_and_run_reversal_bottoms:001183,PGD,ok,premium,3.0,7.02,6.96,6.96,5.86
bump_and_run_reversal_bottoms:001184,PGI,ok,data_limited,4.0,22.9,22.64,22.64,20.26
bump_and_run_reversal_bottoms:001185,PGN,no_pivot_fits_lead_in,standard,,,13.5,13.5,10.92
bump_and_run_reversal_bottoms:001186,PGN,ok,standard,240.0,16.1,6.6,6.6,6.2
bump_and_run_reversal_bottoms:001187,PGS,no_pivot_fits_lead_in,loose,,,10.77,10.77,8.91
bump_and_run_reversal_bottoms:001188,PGS,no_pivot_fits_lead_in,loose,,,10.12,10.12,8.73
bump_and_run_reversal_bottoms:001189,PGT,ok,standard,63.0,6.0,5.5,5.5,4.6
bump_and_run_reversal_bottoms:001190,PGT,ok,data_limited,74.0,10.0,8.9,8.9,6.9
bump_and_run_reversal_bottoms:001191,PGV,ok,premium,23.0,33.24,28.75,28.75,21.63
bump_and_run_reversal_bottoms:001192,PHC,no_pivot_fits_lead_in,standard,,,10.07,10.07,7.92
bump_and_run_reversal_bottoms:001193,PHC,ok,premium,25.0,8.73,8.11,8.11,7.32
bump_and_run_reversal_bottoms:001194,PHC,ok,loose,67.0,8.07,6.98,6.98,6.54
bump_and_run_reversal_bottoms:001195,PHC,ok,standard,1.0,6.61,6.61,6.61,5.65
bump_and_run_reversal_bottoms:001196,PHH,no_pivot_fits_lead_in,data_limited,,,12.1,12.1,9.9
bump_and_run_reversal_bottoms:001197,PHP,ok,standard,18.0,17.21,17.21,17.21,14.99
bump_and_run_reversal_bottoms:001198,PHP,ok,standard,6.0,9.71,9.63,9.63,8.31
bump_and_run_reversal_bottoms:001199,PHP,ok,standard,101.0,29.42,18.22,18.22,13.94
bump_and_run_reversal_bottoms:001200,PHP,ok,premium,17.0,39.97,37.19,37.19,33.81
bump_and_run_reversal_bottoms:001201,PHR,ok,standard,27.0,8.99,8.72,8.72,8.23
bump_and_run_reversal_bottoms:001202,PHR,ok,standard,19.0,8.46,8.0,8.0,6.36
bump_and_run_reversal_bottoms:001203,PHR,no_pivot_fits_lead_in,standard,,,19.5,19.5,16.18
bump_and_run_reversal_bottoms:001204,PHR,ok,loose,15.0,55.01,49.2,49.2,41.71
bump_and_run_reversal_bottoms:001205,PHR,ok,data_limited,3.0,74.7,70.7,70.7,59.8
bump_and_run_reversal_bottoms:001206,PIA,no_pivot_before_lead_start,data_limited,,,11.988,11.988,9.456
bump_and_run_reversal_bottoms:001207,PIC,ok,data_limited,228.0,23.58,17.56,17.56,15.24
bump_and_run_reversal_bottoms:001208,PIT,ok,data_limited,166.0,8.6,8.0,8.0,6.7
bump_and_run_reversal_bottoms:001209,PIT,ok,data_limited,4.0,5.86,5.85,5.85,4.9
bump_and_run_reversal_bottoms:001210,PIV,no_pivot_fits_lead_in,standard,,,9.86,9.86,5.93
bump_and_run_reversal_bottoms:001211,PJT,ok,standard,69.0,8.94,7.86,7.86,6.54
bump_and_run_reversal_bottoms:001212,PLC,ok,standard,34.0,15.61,13.52,13.52,12.05
bump_and_run_reversal_bottoms:001213,PLC,ok,data_limited,69.0,40.0,23.5,23.5,20.2
bump_and_run_reversal_bottoms:001214,PLP,ok,loose,44.0,7.11,5.52,5.52,5.14
bump_and_run_reversal_bottoms:001215,PLP,ok,standard,72.0,5.43,4.98,4.98,4.67
bump_and_run_reversal_bottoms:001216,PLX,ok,premium,21.0,48.99,48.99,48.99,40.64
bump_and_run_reversal_bottoms:001217,PLX,ok,premium,36.0,46.93,44.85,44.85,35.75
bump_and_run_reversal_bottoms:001218,PLX,no_pivot_fits_lead_in,premium,,,49.47,49.47,44.83
bump_and_run_reversal_bottoms:001219,PMB,ok,data_limited,145.0,5.97,4.44,4.44,4.31
bump_and_run_reversal_bottoms:001220,PMC,no_pivot_fits_lead_in,data_limited,,,24.88,24.88,22.49
bump_and_run_reversal_bottoms:001221,PMC,ok,data_limited,92.0,48.5,41.33,41.33,35.01
bump_and_run_reversal_bottoms:001222,PMC,ok,data_limited,11.0,39.84,39.66,39.66,33.86
bump_and_run_reversal_bottoms:001223,PMJ,no_pivot_fits_lead_in,data_limited,,,19.0,19.0,16.9
bump_and_run_reversal_bottoms:001224,PMP,ok,data_limited,9.0,12.53,9.74,9.74,8.86
bump_and_run_reversal_bottoms:001225,PMS,ok,data_limited,6.0,4.83,3.73,3.73,2.69
bump_and_run_reversal_bottoms:001226,PMS,ok,data_limited,45.0,2.3,1.91,1.91,1.53
bump_and_run_reversal_bottoms:001227,PMS,ok,data_limited,179.0,2.3,1.91,1.91,1.4
bump_and_run_reversal_bottoms:001228,PNC,ok,data_limited,35.0,5.137,4.425,4.425,3.714
bump_and_run_reversal_bottoms:001229,PNC,ok,data_limited,134.0,10.864,9.4,9.4,8.88
bump_and_run_reversal_bottoms:001230,PNJ,ok,premium,73.0,40.15,29.58,29.58,25.06
bump_and_run_reversal_bottoms:001231,PNJ,ok,loose,9.0,59.86,59.67,59.67,48.89
bump_and_run_reversal_bottoms:001232,PNJ,ok,premium,18.0,64.56,64.56,64.56,55.87
bump_and_run_reversal_bottoms:001233,POS,no_pivot_fits_lead_in,premium,,,22.31,22.31,14.55
bump_and_run_reversal_bottoms:001234,POV,ok,data_limited,35.0,13.47,7.98,7.98,6.9
bump_and_run_reversal_bottoms:001235,POW,ok,premium,15.0,11.0,10.92,10.92,8.59
bump_and_run_reversal_bottoms:001236,PPC,ok,loose,26.0,8.43,7.73,7.73,6.83
bump_and_run_reversal_bottoms:001237,PPC,ok,loose,9.0,12.8,12.38,12.38,11.04
bump_and_run_reversal_bottoms:001238,PPH,no_pivot_fits_lead_in,premium,,,23.0,23.0,17.85
bump_and_run_reversal_bottoms:001239,PPP,ok,standard,41.0,11.86,10.83,10.83,7.82
bump_and_run_reversal_bottoms:001240,PPS,ok,data_limited,33.0,3.969,3.849,3.849,3.488
bump_and_run_reversal_bottoms:001241,PRC,no_pivot_fits_lead_in,standard,,,10.86,10.86,7.06
bump_and_run_reversal_bottoms:001242,PRE,no_pivot_fits_lead_in,data_limited,,,14.23,14.23,13.08
bump_and_run_reversal_bottoms:001243,PRT,ok,standard,9.0,11.38,11.38,11.38,9.74
bump_and_run_reversal_bottoms:001244,PRT,ok,data_limited,65.0,12.5,11.5,11.5,8.9
bump_and_run_reversal_bottoms:001245,PSB,no_pivot_fits_lead_in,standard,,,7.1,7.1,6.4
bump_and_run_reversal_bottoms:001246,PSB,no_pivot_fits_lead_in,premium,,,9.5,9.5,6.2
bump_and_run_reversal_bottoms:001247,PSB,no_pivot_fits_lead_in,standard,,,10.2,10.2,6.4
bump_and_run_reversal_bottoms:001248,PSB,ok,standard,27.0,9.9,8.7,8.7,7.7
bump_and_run_reversal_bottoms:001249,PSB,ok,standard,71.0,9.9,8.6,8.6,6.2
bump_and_run_reversal_bottoms:001250,PSB,cut_by_search_cap,standard,,,8.1,8.1,6.4
bump_and_run_reversal_bottoms:001251,PSB,ok,loose,3.0,10.0,8.0,8.0,5.5
bump_and_run_reversal_bottoms:001252,PSD,ok,data_limited,15.0,3.0,2.96,2.96,2.49
bump_and_run_reversal_bottoms:001253,PSD,ok,premium,186.0,18.29,9.51,9.51,7.99
bump_and_run_reversal_bottoms:001254,PSH,ok,premium,47.0,11.35,8.62,8.62,7.21
bump_and_run_reversal_bottoms:001255,PSI,ok,data_limited,3.0,8.7,8.4,8.4,7.5
bump_and_run_reversal_bottoms:001256,PSI,ok,data_limited,60.0,8.5,8.5,8.5,7.1
bump_and_run_reversal_bottoms:001257,PSI,ok,data_limited,196.0,4.3,3.8,3.8,2.9
bump_and_run_reversal_bottoms:001258,PSL,no_pivot_fits_lead_in,data_limited,,,16.6,16.6,14.91
bump_and_run_reversal_bottoms:001259,PSL,ok,data_limited,6.0,17.37,17.25,17.25,13.39
bump_and_run_reversal_bottoms:001260,PSL,ok,data_limited,20.0,19.24,18.59,18.59,15.8
bump_and_run_reversal_bottoms:001261,PSL,ok,data_limited,102.0,16.51,14.43,14.43,11.75
bump_and_run_reversal_bottoms:001262,PSL,ok,data_limited,34.0,18.5,15.57,15.57,11.9
bump_and_run_reversal_bottoms:001263,PSP,ok,data_limited,12.0,6.86,6.08,6.08,5.3
bump_and_run_reversal_bottoms:001264,PSP,cut_by_search_cap,data_limited,,,5.94,5.94,4.92
bump_and_run_reversal_bottoms:001265,PSP,ok,data_limited,55.0,12.0,9.77,9.77,7.65
bump_and_run_reversal_bottoms:001266,PSW,no_pivot_fits_lead_in,premium,,,17.918,17.918,10.613
bump_and_run_reversal_bottoms:001267,PSW,ok,standard,38.0,6.713,6.559,6.559,5.787
bump_and_run_reversal_bottoms:001268,PTB,ok,premium,2.0,43.15,43.15,43.15,36.77
bump_and_run_reversal_bottoms:001269,PTC,ok,data_limited,39.0,3.84,3.54,3.54,2.97
bump_and_run_reversal_bottoms:001270,PTD,no_pivot_fits_lead_in,data_limited,,,8.8,8.8,6.7
bump_and_run_reversal_bottoms:001271,PTE,no_pivot_fits_lead_in,data_limited,,,3.6,3.6,2.6
bump_and_run_reversal_bottoms:001272,PTI,ok,standard,17.0,13.81,12.56,12.56,11.36
bump_and_run_reversal_bottoms:001273,PTI,ok,standard,54.0,40.6,26.27,26.27,21.47
bump_and_run_reversal_bottoms:001274,PTL,ok,standard,76.0,4.9,3.9,3.9,3.33
bump_and_run_reversal_bottoms:001275,PTL,ok,premium,1.0,3.03,3.03,3.03,2.68
bump_and_run_reversal_bottoms:001276,PTO,no_pivot_fits_lead_in,data_limited,,,17.5,17.5,19.0
bump_and_run_reversal_bottoms:001277,PTO,ok,data_limited,18.0,23.5,22.7,22.7,18.5
bump_and_run_reversal_bottoms:001278,PTP,no_pivot_fits_lead_in,data_limited,,,11.903,11.903,9.524
bump_and_run_reversal_bottoms:001279,PTS,ok,data_limited,5.0,9.26,9.1,9.1,7.77
bump_and_run_reversal_bottoms:001280,PTS,ok,data_limited,62.0,9.26,8.05,8.05,6.87
bump_and_run_reversal_bottoms:001281,PTT,no_pivot_fits_lead_in,data_limited,,,3.46,3.46,3.03
bump_and_run_reversal_bottoms:001282,PTV,ok,standard,62.0,4.5,4.4,4.4,3.7
bump_and_run_reversal_bottoms:001283,PTV,ok,loose,63.0,4.7,4.3,4.3,3.7
bump_and_run_reversal_bottoms:001284,PV2,ok,data_limited,24.0,2.9,2.6,2.6,2.5
bump_and_run_reversal_bottoms:001285,PV2,ok,data_limited,141.0,2.9,2.4,2.4,1.9
bump_and_run_reversal_bottoms:001286,PVB,ok,premium,177.0,52.72,32.5,32.5,24.71
bump_and_run_reversal_bottoms:001287,PVB,ok,standard,24.0,15.29,11.57,11.57,9.07
bump_and_run_reversal_bottoms:001288,PVC,ok,premium,35.0,17.75,12.45,12.45,11.13
bump_and_run_reversal_bottoms:001289,PVC,no_pivot_fits_lead_in,standard,,,5.01,5.01,4.35
bump_and_run_reversal_bottoms:001290,PVC,no_pivot_fits_lead_in,standard,,,18.12,18.12,13.04
bump_and_run_reversal_bottoms:001291,PVC,cut_by_search_cap,standard,,,13.8,13.8,11.5
bump_and_run_reversal_bottoms:001292,PVD,ok,premium,157.0,29.95,18.31,18.31,13.9
bump_and_run_reversal_bottoms:001293,PVD,ok,premium,30.0,8.41,7.66,7.66,7.04
bump_and_run_reversal_bottoms:001294,PVD,no_pivot_fits_lead_in,premium,,,11.67,11.67,9.37
bump_and_run_reversal_bottoms:001295,PVE,ok,standard,11.0,8.74,8.36,8.36,7.1
bump_and_run_reversal_bottoms:001296,PVE,ok,data_limited,93.0,6.2,4.6,4.6,3.0
bump_and_run_reversal_bottoms:001297,PVE,ok,data_limited,18.0,3.9,3.5,3.5,2.8
bump_and_run_reversal_bottoms:001298,PVE,ok,data_limited,125.0,2.7,2.1,2.1,1.7
bump_and_run_reversal_bottoms:001299,PVG,ok,standard,14.0,8.86,8.33,8.33,6.83
bump_and_run_reversal_bottoms:001300,PVG,ok,standard,17.0,6.57,6.4,6.4,5.59
bump_and_run_reversal_bottoms:001301,PVG,no_pivot_fits_lead_in,standard,,,16.67,16.67,10.71
bump_and_run_reversal_bottoms:001302,PVI,no_pivot_fits_lead_in,standard,,,6.76,6.76,6.13
bump_and_run_reversal_bottoms:001303,PVI,no_pivot_fits_lead_in,standard,,,9.25,9.25,7.84
bump_and_run_reversal_bottoms:001304,PVI,ok,standard,28.0,25.13,24.52,24.52,20.1
bump_and_run_reversal_bottoms:001305,PVI,ok,standard,81.0,21.07,19.98,19.98,18.47
bump_and_run_reversal_bottoms:001306,PVI,ok,standard,11.0,35.28,34.09,34.09,28.45
bump_and_run_reversal_bottoms:001307,PVI,no_pivot_fits_lead_in,standard,,,108.95,108.95,70.11
bump_and_run_reversal_bottoms:001308,PVL,no_pivot_fits_lead_in,data_limited,,,5.1,5.1,3.7
bump_and_run_reversal_bottoms:001309,PVM,no_pivot_fits_lead_in,data_limited,,,9.35,9.35,8.05
bump_and_run_reversal_bottoms:001310,PVO,ok,data_limited,22.0,5.03,4.19,4.19,3.44
bump_and_run_reversal_bottoms:001311,PVO,ok,premium,46.0,9.59,8.66,8.66,5.87
bump_and_run_reversal_bottoms:001312,PVO,ok,data_limited,7.0,7.4,7.0,7.0,5.8
bump_and_run_reversal_bottoms:001313,PVP,ok,standard,1.0,16.27,16.27,16.27,14.21
bump_and_run_reversal_bottoms:001314,PVR,ok,data_limited,40.0,5.0,3.8,3.8,3.1
bump_and_run_reversal_bottoms:001315,PVS,ok,premium,2.0,16.64,16.64,16.64,14.77
bump_and_run_reversal_bottoms:001316,PVS,ok,standard,192.0,26.64,17.15,17.15,13.22
bump_and_run_reversal_bottoms:001317,PVS,no_pivot_fits_lead_in,premium,,,18.51,18.51,12.98
bump_and_run_reversal_bottoms:001318,PVS,ok,loose,16.0,44.03,43.38,43.38,36.96
bump_and_run_reversal_bottoms:001319,PVT,ok,premium,23.0,20.04,19.7,19.7,16.39
bump_and_run_reversal_bottoms:001320,PVT,ok,data_limited,9.0,23.27,20.8,20.8,19.4
bump_and_run_reversal_bottoms:001321,PVX,ok,standard,83.0,5.6,4.4,4.4,3.2
bump_and_run_reversal_bottoms:001322,PVX,ok,standard,69.0,3.5,2.8,2.8,2.4
bump_and_run_reversal_bottoms:001323,PVY,no_pivot_fits_lead_in,data_limited,,,2.8,2.8,2.1
bump_and_run_reversal_bottoms:001324,PVY,no_pivot_fits_lead_in,data_limited,,,2.6,2.6,2.1
bump_and_run_reversal_bottoms:001325,PVY,ok,data_limited,196.0,2.9,2.5,2.5,2.0
bump_and_run_reversal_bottoms:001326,PWA,ok,standard,18.0,14.0,10.0,10.0,6.7
bump_and_run_reversal_bottoms:001327,PWA,ok,data_limited,12.0,10.0,7.2,7.2,6.1
bump_and_run_reversal_bottoms:001328,PWS,no_pivot_fits_lead_in,data_limited,,,8.672,8.672,8.829
bump_and_run_reversal_bottoms:001329,PWS,no_pivot_fits_lead_in,data_limited,,,10.062,10.062,8.804
bump_and_run_reversal_bottoms:001330,PXA,ok,standard,51.0,2.8,1.8,1.8,1.5
bump_and_run_reversal_bottoms:001331,PXI,ok,premium,18.0,4.67,3.9,3.9,3.29
bump_and_run_reversal_bottoms:001332,PXL,ok,standard,13.0,5.0,4.5,4.5,3.4
bump_and_run_reversal_bottoms:001333,PXL,ok,standard,4.0,15.0,14.5,14.5,13.0
bump_and_run_reversal_bottoms:001334,PXS,ok,standard,175.0,30.47,18.09,18.09,13.37
bump_and_run_reversal_bottoms:001335,PXT,ok,premium,4.0,4.85,4.67,4.67,4.11
bump_and_run_reversal_bottoms:001336,PXT,ok,standard,85.0,5.0,3.4,3.4,2.9
bump_and_run_reversal_bottoms:001337,QBS,ok,premium,30.0,2.59,2.27,2.27,1.83
bump_and_run_reversal_bottoms:001338,QCC,no_pivot_fits_lead_in,data_limited,,,10.18,10.18,8.16
bump_and_run_reversal_bottoms:001339,QCG,ok,premium,47.0,27.95,19.94,19.94,13.43
bump_and_run_reversal_bottoms:001340,QCG,ok,premium,79.0,19.94,16.47,16.47,9.54
bump_and_run_reversal_bottoms:001341,QCG,ok,premium,60.0,5.1,4.6,4.6,3.75
bump_and_run_reversal_bottoms:001342,QHD,ok,data_limited,83.0,13.904,10.578,10.578,9.238
bump_and_run_reversal_bottoms:001343,QHW,ok,data_limited,7.0,19.31,19.31,19.31,18.02
bump_and_run_reversal_bottoms:001344,QHW,ok,data_limited,25.0,39.57,35.69,35.69,33.26
bump_and_run_reversal_bottoms:001345,QNC,no_pivot_before_lead_start,data_limited,,,5.39,5.39,4.76
bump_and_run_reversal_bottoms:001346,QNC,ok,standard,3.0,8.4,8.3,8.3,6.4
bump_and_run_reversal_bottoms:001347,QNC,ok,data_limited,66.0,8.5,7.5,7.5,5.2
bump_and_run_reversal_bottoms:001348,QNC,ok,data_limited,106.0,6.6,4.8,4.8,3.8
bump_and_run_reversal_bottoms:001349,QNC,ok,data_limited,71.0,6.9,6.3,6.3,5.4
bump_and_run_reversal_bottoms:001350,QNP,ok,data_limited,1.0,34.78,34.78,34.78,31.71
bump_and_run_reversal_bottoms:001351,QNS,ok,premium,27.0,30.95,27.37,27.37,24.57
bump_and_run_reversal_bottoms:001352,QNS,ok,premium,136.0,30.95,25.01,25.01,17.61
bump_and_run_reversal_bottoms:001353,QNS,ok,premium,12.0,35.86,34.33,34.33,27.13
bump_and_run_reversal_bottoms:001354,QNS,no_pivot_fits_lead_in,standard,,,41.75,41.75,38.09
bump_and_run_reversal_bottoms:001355,QTC,ok,data_limited,6.0,5.52,5.5,5.5,4.59
bump_and_run_reversal_bottoms:001356,QTP,no_pivot_fits_lead_in,premium,,,12.56,12.56,11.25
bump_and_run_reversal_bottoms:001357,QTP,ok,standard,19.0,13.1,13.1,13.1,11.44
bump_and_run_reversal_bottoms:001358,QTP,no_pivot_fits_lead_in,standard,,,14.58,14.58,12.35
bump_and_run_reversal_bottoms:001359,RAT,no_pivot_fits_lead_in,data_limited,,,5.38,5.38,4.92
bump_and_run_reversal_bottoms:001360,RCC,ok,data_limited,6.0,25.0,24.0,24.0,19.7
bump_and_run_reversal_bottoms:001361,RCL,no_pivot_fits_lead_in,data_limited,,,12.67,12.67,10.62
bump_and_run_reversal_bottoms:001362,RCL,ok,loose,43.0,15.46,14.71,14.71,13.04
bump_and_run_reversal_bottoms:001363,RCL,ok,standard,125.0,13.82,12.75,12.75,11.76
bump_and_run_reversal_bottoms:001364,RDP,no_pivot_fits_lead_in,standard,,,13.062,13.062,10.598
bump_and_run_reversal_bottoms:001365,RDP,ok,premium,38.0,12.5,10.4,10.4,8.66
bump_and_run_reversal_bottoms:001366,REE,no_pivot_fits_lead_in,premium,,,17.99,17.99,14.45
bump_and_run_reversal_bottoms:001367,REE,ok,standard,28.0,17.71,17.05,17.05,15.5
bump_and_run_reversal_bottoms:001368,REE,ok,premium,6.0,43.03,43.03,43.03,36.62
bump_and_run_reversal_bottoms:001369,RTB,ok,data_limited,28.0,21.93,21.64,21.64,15.96
bump_and_run_reversal_bottoms:001370,S12,no_pivot_fits_lead_in,data_limited,,,2.0,2.0,1.1
bump_and_run_reversal_bottoms:001371,S12,no_pivot_fits_lead_in,data_limited,,,3.3,3.3,2.9
bump_and_run_reversal_bottoms:001372,S55,ok,data_limited,8.0,21.1,20.77,20.77,18.57
bump_and_run_reversal_bottoms:001373,S55,ok,standard,36.0,21.78,20.78,20.78,17.83
bump_and_run_reversal_bottoms:001374,S74,ok,data_limited,12.0,6.772,6.19,6.19,5.534
bump_and_run_reversal_bottoms:001375,S74,cut_by_search_cap,data_limited,,,4.9,4.9,4.8
bump_and_run_reversal_bottoms:001376,S96,no_pivot_fits_lead_in,loose,,,5.3,5.3,3.0
bump_and_run_reversal_bottoms:001377,S96,ok,standard,95.0,5.3,3.2,3.2,2.4
bump_and_run_reversal_bottoms:001378,S99,no_pivot_fits_lead_in,premium,,,9.17,9.17,7.45
bump_and_run_reversal_bottoms:001379,S99,ok,standard,39.0,9.17,7.92,7.92,5.41
bump_and_run_reversal_bottoms:001380,S99,ok,standard,1.0,4.49,4.49,4.49,3.56
bump_and_run_reversal_bottoms:001381,S99,no_pivot_fits_lead_in,data_limited,,,6.49,6.49,5.57
bump_and_run_reversal_bottoms:001382,S99,ok,standard,100.0,12.43,8.48,8.48,7.62
bump_and_run_reversal_bottoms:001383,SAB,ok,premium,39.0,47.66,45.16,45.16,41.78
bump_and_run_reversal_bottoms:001384,SAC,ok,data_limited,8.0,7.03,6.63,6.63,5.29
bump_and_run_reversal_bottoms:001385,SAC,ok,data_limited,1.0,7.65,7.65,7.65,6.08
bump_and_run_reversal_bottoms:001386,SAC,ok,data_limited,9.0,8.35,8.35,8.35,7.19
bump_and_run_reversal_bottoms:001387,SAC,ok,data_limited,35.0,14.78,14.22,14.22,11.54
bump_and_run_reversal_bottoms:001388,SAM,ok,standard,36.0,12.86,10.64,10.64,8.47
bump_and_run_reversal_bottoms:001389,SAM,cut_by_search_cap,standard,,,8.16,8.16,5.99
bump_and_run_reversal_bottoms:001390,SAM,ok,standard,57.0,10.33,7.69,7.69,6.58
bump_and_run_reversal_bottoms:001391,SAP,ok,data_limited,5.0,10.2,9.3,9.3,6.5
bump_and_run_reversal_bottoms:001392,SAS,ok,standard,9.0,19.18,15.99,15.99,13.89
bump_and_run_reversal_bottoms:001393,SAV,ok,standard,16.0,3.78,3.76,3.76,3.31
bump_and_run_reversal_bottoms:001394,SAV,no_pivot_fits_lead_in,standard,,,4.27,4.27,3.23
bump_and_run_reversal_bottoms:001395,SAV,ok,premium,57.0,3.9,3.63,3.63,3.26
bump_and_run_reversal_bottoms:001396,SAV,ok,premium,23.0,16.37,13.86,13.86,12.78
bump_and_run_reversal_bottoms:001397,SAV,ok,premium,80.0,16.37,14.61,14.61,10.06
bump_and_run_reversal_bottoms:001398,SAV,ok,standard,10.0,12.34,12.2,12.2,10.54
bump_and_run_reversal_bottoms:001399,SB1,ok,data_limited,37.0,7.04,6.47,6.47,5.76
bump_and_run_reversal_bottoms:001400,SBA,ok,standard,2.0,9.91,9.91,9.91,8.68
bump_and_run_reversal_bottoms:001401,SBB,no_pivot_fits_lead_in,standard,,,18.0,18.0,16.1
bump_and_run_reversal_bottoms:001402,SBD,ok,data_limited,16.0,8.71,8.18,8.18,6.75
bump_and_run_reversal_bottoms:001403,SBH,ok,data_limited,20.0,33.1,32.71,32.71,29.85
bump_and_run_reversal_bottoms:001404,SBH,ok,data_limited,5.0,51.1,50.62,50.62,47.57
bump_and_run_reversal_bottoms:001405,SBH,ok,data_limited,2.0,41.9,41.9,41.9,38.6
bump_and_run_reversal_bottoms:001406,SBL,ok,data_limited,1.0,8.91,8.91,8.91,7.2
bump_and_run_reversal_bottoms:001407,SBR,ok,data_limited,23.0,15.37,15.37,15.37,12.24
bump_and_run_reversal_bottoms:001408,SBS,ok,standard,96.0,4.1,3.4,3.4,2.2
bump_and_run_reversal_bottoms:001409,SBS,ok,standard,18.0,2.4,2.3,2.3,1.7
bump_and_run_reversal_bottoms:001410,SBT,ok,standard,66.0,26.04,23.07,23.07,21.3
bump_and_run_reversal_bottoms:001411,SBV,ok,data_limited,56.0,19.36,17.57,17.57,16.21
bump_and_run_reversal_bottoms:001412,SBV,ok,standard,12.0,7.77,7.5,7.5,6.33
bump_and_run_reversal_bottoms:001413,SBV,ok,standard,14.0,15.73,14.23,14.23,11.59
bump_and_run_reversal_bottoms:001414,SBV,ok,data_limited,35.0,8.5,7.15,7.15,6.23
bump_and_run_reversal_bottoms:001415,SC5,ok,data_limited,32.0,22.95,22.95,22.95,17.7
bump_and_run_reversal_bottoms:001416,SCD,no_pivot_fits_lead_in,standard,,,42.34,42.34,46.36
bump_and_run_reversal_bottoms:001417,SCD,ok,data_limited,235.0,43.47,24.78,24.78,21.69
bump_and_run_reversal_bottoms:001418,SCD,ok,data_limited,28.0,25.4,23.95,23.95,22.3
bump_and_run_reversal_bottoms:001419,SCI,ok,premium,20.0,47.49,37.42,37.42,31.5
bump_and_run_reversal_bottoms:001420,SCJ,ok,standard,59.0,5.2,4.9,4.9,4.1
bump_and_run_reversal_bottoms:001421,SCJ,ok,standard,172.0,4.3,3.8,3.8,2.9
bump_and_run_reversal_bottoms:001422,SCL,no_pivot_fits_lead_in,standard,,,3.96,3.96,3.44
bump_and_run_reversal_bottoms:001423,SCL,no_pivot_fits_lead_in,standard,,,8.83,8.83,5.78
bump_and_run_reversal_bottoms:001424,SCR,ok,standard,42.0,6.64,5.22,5.22,3.73
bump_and_run_reversal_bottoms:001425,SCR,ok,standard,111.0,11.37,7.98,7.98,6.34
bump_and_run_reversal_bottoms:001426,SCR,ok,premium,23.0,6.17,6.0,6.0,5.23
bump_and_run_reversal_bottoms:001427,SCR,ok,premium,11.0,8.19,7.44,7.44,5.53
bump_and_run_reversal_bottoms:001428,SCS,ok,standard,75.0,63.31,56.69,56.69,47.35
bump_and_run_reversal_bottoms:001429,SCS,no_pivot_fits_lead_in,premium,,,69.16,69.16,62.06
bump_and_run_reversal_bottoms:001430,SCS,ok,premium,72.0,69.16,64.52,64.52,54.54
bump_and_run_reversal_bottoms:001431,SCS,ok,premium,163.0,79.67,72.0,72.0,55.19
bump_and_run_reversal_bottoms:001432,SD2,ok,standard,14.0,3.97,3.635,3.635,3.187
bump_and_run_reversal_bottoms:001433,SD2,ok,data_limited,23.0,7.191,6.999,6.999,5.072
bump_and_run_reversal_bottoms:001434,SD2,ok,standard,79.0,6.624,5.426,5.426,4.892
bump_and_run_reversal_bottoms:001435,SD3,no_pivot_fits_lead_in,data_limited,,,9.07,9.07,6.68
bump_and_run_reversal_bottoms:001436,SD3,ok,data_limited,25.0,6.1,5.5,5.5,4.7
bump_and_run_reversal_bottoms:001437,SD3,ok,data_limited,7.0,6.2,6.0,6.0,5.0
bump_and_run_reversal_bottoms:001438,SD3,ok,data_limited,11.0,8.9,7.6,7.6,5.7
bump_and_run_reversal_bottoms:001439,SD3,no_pivot_fits_lead_in,data_limited,,,7.0,7.0,6.5
bump_and_run_reversal_bottoms:001440,SD5,ok,standard,13.0,4.55,4.26,4.26,3.43
bump_and_run_reversal_bottoms:001441,SD5,ok,standard,54.0,4.25,3.96,3.96,3.64
bump_and_run_reversal_bottoms:001442,SD5,ok,data_limited,57.0,3.89,3.67,3.67,3.33
bump_and_run_reversal_bottoms:001443,SD5,ok,data_limited,62.0,3.33,3.08,3.08,2.44
bump_and_run_reversal_bottoms:001444,SD6,ok,standard,13.0,11.29,11.23,11.23,10.36
bump_and_run_reversal_bottoms:001445,SD6,ok,data_limited,67.0,4.6,4.4,4.4,3.3
bump_and_run_reversal_bottoms:001446,SD6,ok,data_limited,18.0,2.5,2.5,2.5,2.1
bump_and_run_reversal_bottoms:001447,SD7,ok,data_limited,3.0,11.4,11.4,11.4,9.6
bump_and_run_reversal_bottoms:001448,SD7,ok,data_limited,14.0,10.0,10.0,10.0,8.3
bump_and_run_reversal_bottoms:001449,SD7,no_pivot_fits_lead_in,standard,,,14.2,14.2,8.6
bump_and_run_reversal_bottoms:001450,SD7,ok,data_limited,35.0,5.9,5.6,5.6,4.4
bump_and_run_reversal_bottoms:001451,SD7,ok,data_limited,29.0,3.2,3.0,3.0,2.7
bump_and_run_reversal_bottoms:001452,SD9,ok,loose,16.0,4.89,4.6,4.6,4.01
bump_and_run_reversal_bottoms:001453,SD9,ok,standard,28.0,9.5,9.25,9.25,8.21
bump_and_run_reversal_bottoms:001454,SD9,ok,data_limited,6.0,5.47,5.3,5.3,4.41
bump_and_run_reversal_bottoms:001455,SD9,no_pivot_fits_lead_in,standard,,,8.39,8.39,6.53
bump_and_run_reversal_bottoms:001456,SDA,ok,standard,36.0,8.7,6.2,6.2,5.3
bump_and_run_reversal_bottoms:001457,SDA,ok,data_limited,134.0,6.2,3.0,3.0,2.7
bump_and_run_reversal_bottoms:001458,SDA,ok,standard,12.0,5.2,5.2,5.2,4.4
bump_and_run_reversal_bottoms:001459,SDD,ok,standard,7.0,5.2,5.2,5.2,4.1
bump_and_run_reversal_bottoms:001460,SDG,cut_by_search_cap,data_limited,,,28.864,28.864,17.908
bump_and_run_reversal_bottoms:001461,SDG,ok,data_limited,17.0,21.936,19.864,19.864,15.801
bump_and_run_reversal_bottoms:001462,SDN,no_pivot_fits_lead_in,data_limited,,,29.765,29.765,23.5
bump_and_run_reversal_bottoms:001463,SDP,ok,data_limited,8.0,2.9,2.8,2.8,2.4
bump_and_run_reversal_bottoms:001464,SDP,cut_by_search_cap,data_limited,,,1.6,1.6,1.2
bump_and_run_reversal_bottoms:001465,SDT,no_pivot_fits_lead_in,standard,,,9.1,9.1,7.32
bump_and_run_reversal_bottoms:001466,SDT,ok,data_limited,36.0,6.31,5.91,5.91,5.28
bump_and_run_reversal_bottoms:001467,SDT,ok,data_limited,16.0,5.2,4.83,4.83,4.54
bump_and_run_reversal_bottoms:001468,SDT,ok,standard,77.0,10.03,7.7,7.7,4.9
bump_and_run_reversal_bottoms:001469,SDT,ok,standard,112.0,6.2,5.1,5.1,4.4
bump_and_run_reversal_bottoms:001470,SDT,ok,loose,7.0,5.5,5.5,5.5,4.4
bump_and_run_reversal_bottoms:001471,SDU,ok,data_limited,70.0,9.76,6.44,6.44,4.49
bump_and_run_reversal_bottoms:001472,SDY,no_pivot_fits_lead_in,data_limited,,,4.0,4.0,3.7
bump_and_run_reversal_bottoms:001473,SEA,ok,standard,21.0,16.91,14.41,14.41,13.03
bump_and_run_reversal_bottoms:001474,SEA,ok,data_limited,137.0,14.49,11.82,11.82,10.67
bump_and_run_reversal_bottoms:001475,SEA,ok,premium,10.0,28.74,23.89,23.89,20.12
bump_and_run_reversal_bottoms:001476,SEB,no_pivot_fits_lead_in,data_limited,,,4.492,4.69,4.23
bump_and_run_reversal_bottoms:001477,SEB,ok,data_limited,40.0,19.471,18.025,18.81,17.51
bump_and_run_reversal_bottoms:001478,SEB,ok,data_limited,25.0,38.748,38.214,39.89,32.22
bump_and_run_reversal_bottoms:001479,SED,ok,data_limited,160.0,8.11,7.82,7.82,6.45
bump_and_run_reversal_bottoms:001480,SED,ok,data_limited,81.0,11.11,10.97,10.97,9.83
bump_and_run_reversal_bottoms:001481,SED,ok,data_limited,62.0,17.54,17.2,17.2,15.4
bump_and_run_reversal_bottoms:001482,SFC,ok,data_limited,53.0,17.76,15.11,15.11,11.76
bump_and_run_reversal_bottoms:001483,SFG,ok,standard,23.0,8.19,8.19,8.19,7.05
bump_and_run_reversal_bottoms:001484,SFG,no_pivot_fits_lead_in,data_limited,,,9.64,9.64,9.11
bump_and_run_reversal_bottoms:001485,SFI,ok,loose,21.0,9.95,9.8,9.8,8.87
bump_and_run_reversal_bottoms:001486,SFN,no_pivot_fits_lead_in,data_limited,,,5.43,5.43,4.98
bump_and_run_reversal_bottoms:001487,SGD,no_pivot_fits_lead_in,data_limited,,,28.096,28.096,22.401
bump_and_run_reversal_bottoms:001488,SGH,no_pivot_fits_lead_in,data_limited,,,47.33,47.33,44.15
bump_and_run_reversal_bottoms:001489,SGI,ok,data_limited,31.0,13.0,12.92,12.92,11.51
bump_and_run_reversal_bottoms:001490,SGI,ok,data_limited,24.0,14.56,14.56,14.56,12.63
bump_and_run_reversal_bottoms:001491,SGI,ok,data_limited,39.0,12.51,11.24,11.24,9.7
bump_and_run_reversal_bottoms:001492,SGN,no_pivot_fits_lead_in,standard,,,95.02,95.02,78.19
bump_and_run_reversal_bottoms:001493,SGN,ok,premium,45.0,83.65,80.66,80.66,69.75
bump_and_run_reversal_bottoms:001494,SGP,no_pivot_before_lead_start,data_limited,,,8.91,8.91,7.78
bump_and_run_reversal_bottoms:001495,SGP,ok,data_limited,50.0,13.18,12.8,12.8,9.1
bump_and_run_reversal_bottoms:001496,SGP,no_pivot_fits_lead_in,premium,,,41.16,41.16,32.05
bump_and_run_reversal_bottoms:001497,SGP,no_pivot_fits_lead_in,premium,,,35.6,35.6,24.4
bump_and_run_reversal_bottoms:001498,SGP,ok,data_limited,56.0,30.1,26.1,26.1,23.2
bump_and_run_reversal_bottoms:001499,SGR,ok,data_limited,57.0,17.71,12.468,12.468,10.972
bump_and_run_reversal_bottoms:001500,SGT,no_pivot_fits_lead_in,data_limited,,,4.34,4.34,3.17
bump_and_run_reversal_bottoms:001501,SGT,ok,standard,25.0,18.85,17.8,17.8,16.25
bump_and_run_reversal_bottoms:001502,SHA,ok,standard,48.0,4.17,4.01,4.01,3.49
bump_and_run_reversal_bottoms:001503,SHA,ok,standard,17.0,4.01,3.71,3.71,3.4
bump_and_run_reversal_bottoms:001504,SHA,ok,standard,60.0,3.66,3.34,3.34,3.07
bump_and_run_reversal_bottoms:001505,SHB,no_pivot_fits_lead_in,standard,,,2.47,2.47,2.18
bump_and_run_reversal_bottoms:001506,SHB,ok,loose,35.0,2.58,2.0,2.0,1.86
bump_and_run_reversal_bottoms:001507,SHB,no_pivot_fits_lead_in,standard,,,6.64,6.64,4.68
bump_and_run_reversal_bottoms:001508,SHB,ok,loose,35.0,19.17,18.18,18.18,15.33
bump_and_run_reversal_bottoms:001509,SHC,ok,data_limited,10.0,14.352,12.276,12.276,11.553
bump_and_run_reversal_bottoms:001510,SHE,no_pivot_fits_lead_in,standard,,,9.35,9.35,6.94
bump_and_run_reversal_bottoms:001511,SHE,ok,data_limited,12.0,8.72,8.01,8.01,6.03
bump_and_run_reversal_bottoms:001512,SHE,ok,standard,5.0,8.08,8.08,8.08,6.92
bump_and_run_reversal_bottoms:001513,SHI,no_pivot_fits_lead_in,standard,,,5.88,5.88,5.35
bump_and_run_reversal_bottoms:001514,SHI,ok,premium,48.0,20.87,17.31,17.31,13.4
bump_and_run_reversal_bottoms:001515,SHN,ok,premium,1.0,13.51,13.51,13.51,10.79
bump_and_run_reversal_bottoms:001516,SHP,no_pivot_fits_lead_in,standard,,,8.06,8.06,6.85
bump_and_run_reversal_bottoms:001517,SHS,ok,standard,83.0,1.7,1.53,1.53,1.37
bump_and_run_reversal_bottoms:001518,SHS,ok,standard,66.0,1.47,1.21,1.21,1.02
bump_and_run_reversal_bottoms:001519,SHS,ok,standard,13.0,2.58,2.35,2.35,2.29
bump_and_run_reversal_bottoms:001520,SHS,no_pivot_fits_lead_in,premium,,,16.23,16.23,15.22
bump_and_run_reversal_bottoms:001521,SHS,no_pivot_fits_lead_in,standard,,,18.18,18.18,14.12
bump_and_run_reversal_bottoms:001522,SID,ok,data_limited,33.0,24.58,20.94,20.94,15.27
bump_and_run_reversal_bottoms:001523,SID,ok,data_limited,29.0,16.23,14.16,14.16,10.62
bump_and_run_reversal_bottoms:001524,SID,ok,data_limited,127.0,14.16,12.49,12.49,10.13
bump_and_run_reversal_bottoms:001525,SID,ok,data_limited,18.0,19.67,17.11,17.11,13.38
bump_and_run_reversal_bottoms:001526,SID,ok,loose,15.0,14.75,13.77,13.77,12.2
bump_and_run_reversal_bottoms:001527,SII,ok,premium,47.0,40.0,36.3,36.3,29.0
bump_and_run_reversal_bottoms:001528,SII,no_pivot_fits_lead_in,data_limited,,,21.2,21.2,21.1
bump_and_run_reversal_bottoms:001529,SIP,no_pivot_fits_lead_in,premium,,,25.44,25.44,19.26
bump_and_run_reversal_bottoms:001530,SIP,no_pivot_fits_lead_in,premium,,,47.61,47.61,36.88
bump_and_run_reversal_bottoms:001531,SIP,ok,premium,131.0,74.8,63.15,63.15,51.88
bump_and_run_reversal_bottoms:001532,SIV,no_pivot_fits_lead_in,data_limited,,,28.73,28.73,25.54
bump_and_run_reversal_bottoms:001533,SIV,ok,data_limited,83.0,30.44,30.44,30.44,22.31
bump_and_run_reversal_bottoms:001534,SJ1,no_pivot_fits_lead_in,data_limited,,,14.02,14.02,11.85
bump_and_run_reversal_bottoms:001535,SJ1,ok,data_limited,23.0,12.63,11.48,11.48,10.87
bump_and_run_reversal_bottoms:001536,SJ1,no_pivot_fits_lead_in,data_limited,,,13.63,13.63,10.16
bump_and_run_reversal_bottoms:001537,SJD,ok,standard,184.0,11.18,10.88,10.88,9.34
bump_and_run_reversal_bottoms:001538,SJD,ok,standard,3.0,12.39,12.25,12.25,10.29
bump_and_run_reversal_bottoms:001539,SJE,no_pivot_fits_lead_in,data_limited,,,14.22,14.22,12.41
bump_and_run_reversal_bottoms:001540,SJG,cut_by_search_cap,data_limited,,,14.65,14.65,10.99
bump_and_run_reversal_bottoms:001541,SJS,cut_by_search_cap,loose,,,7.32,7.32,6.35
bump_and_run_reversal_bottoms:001542,SJS,no_pivot_fits_lead_in,premium,,,10.45,10.45,8.51
bump_and_run_reversal_bottoms:001543,SJS,ok,premium,5.0,19.5,18.92,18.92,17.14
bump_and_run_reversal_bottoms:001544,SKG,ok,premium,17.0,32.21,29.73,29.73,24.68
bump_and_run_reversal_bottoms:001545,SKG,ok,standard,34.0,11.33,9.39,9.39,8.35
bump_and_run_reversal_bottoms:001546,SKG,no_pivot_fits_lead_in,premium,,,18.2,18.2,14.8
bump_and_run_reversal_bottoms:001547,SKG,no_pivot_fits_lead_in,premium,,,13.26,13.26,11.36
bump_and_run_reversal_bottoms:001548,SKN,ok,data_limited,19.0,12.616,9.643,9.643,7.714
bump_and_run_reversal_bottoms:001549,SKV,ok,data_limited,43.0,17.84,15.92,15.92,14.68
bump_and_run_reversal_bottoms:001550,SKV,ok,premium,6.0,42.31,41.5,41.5,34.58
bump_and_run_reversal_bottoms:001551,SLS,ok,premium,107.0,123.33,119.24,119.24,93.53
bump_and_run_reversal_bottoms:001552,SMA,ok,standard,19.0,2.689,2.689,2.689,2.104
bump_and_run_reversal_bottoms:001553,SMA,ok,premium,4.0,13.467,12.23,12.23,9.345
bump_and_run_reversal_bottoms:001554,SMB,no_pivot_fits_lead_in,data_limited,,,5.93,5.93,5.59
bump_and_run_reversal_bottoms:001555,SMC,ok,standard,34.0,13.5,12.6,12.6,11.05
bump_and_run_reversal_bottoms:001556,SMC,ok,premium,19.0,44.44,43.34,43.34,30.87
bump_and_run_reversal_bottoms:001557,SMC,ok,premium,26.0,15.0,13.2,13.2,10.55
bump_and_run_reversal_bottoms:001558,SMT,no_pivot_fits_lead_in,standard,,,16.21,16.21,12.79
bump_and_run_reversal_bottoms:001559,SMT,ok,standard,40.0,23.71,13.48,13.48,9.51
bump_and_run_reversal_bottoms:001560,SMT,ok,standard,77.0,8.96,7.14,7.14,4.84
bump_and_run_reversal_bottoms:001561,SNC,cut_by_search_cap,data_limited,,,7.824,7.824,5.934
bump_and_run_reversal_bottoms:001562,SNZ,no_pivot_fits_lead_in,premium,,,28.91,28.91,24.5
bump_and_run_reversal_bottoms:001563,SNZ,ok,standard,27.0,40.12,35.8,35.8,31.0
bump_and_run_reversal_bottoms:001564,SPC,ok,data_limited,29.0,19.287,16.59,16.59,14.71
bump_and_run_reversal_bottoms:001565,SPC,ok,data_limited,100.0,19.287,16.021,16.021,14.64
bump_and_run_reversal_bottoms:001566,SPM,no_pivot_fits_lead_in,data_limited,,,20.37,20.37,18.16
bump_and_run_reversal_bottoms:001567,SPM,ok,standard,15.0,12.81,12.61,12.61,10.98
bump_and_run_reversal_bottoms:001568,SPM,no_pivot_fits_lead_in,standard,,,12.63,12.63,11.0
bump_and_run_reversal_bottoms:001569,SPM,no_pivot_fits_lead_in,data_limited,,,21.05,21.05,16.45
bump_and_run_reversal_bottoms:001570,SPM,ok,data_limited,69.0,21.05,16.51,16.51,13.56
bump_and_run_reversal_bottoms:001571,SQC,ok,data_limited,43.0,14.3,9.9,9.9,8.0
bump_and_run_reversal_bottoms:001572,SRA,ok,data_limited,30.0,0.7,0.63,0.63,0.54
bump_and_run_reversal_bottoms:001573,SRA,no_pivot_fits_lead_in,loose,,,2.81,2.81,2.48
bump_and_run_reversal_bottoms:001574,SRA,ok,standard,96.0,11.45,10.2,10.2,7.9
bump_and_run_reversal_bottoms:001575,SRA,ok,data_limited,53.0,4.9,4.0,4.0,2.8
bump_and_run_reversal_bottoms:001576,SRC,ok,standard,9.0,8.57,8.4,8.4,7.64
bump_and_run_reversal_bottoms:001577,SRC,ok,data_limited,27.0,15.78,15.78,15.78,12.07
bump_and_run_reversal_bottoms:001578,SRC,no_pivot_fits_lead_in,data_limited,,,16.79,16.79,14.2
bump_and_run_reversal_bottoms:001579,SRF,no_pivot_fits_lead_in,standard,,,7.87,7.87,6.68
bump_and_run_reversal_bottoms:001580,SRF,ok,standard,22.0,11.17,10.55,10.55,9.09
bump_and_run_reversal_bottoms:001581,SSB,ok,standard,14.0,20.51,19.64,19.64,18.25
bump_and_run_reversal_bottoms:001582,SSC,ok,data_limited,56.0,33.63,30.41,30.41,28.44
bump_and_run_reversal_bottoms:001583,SSC,cut_by_search_cap,data_limited,,,27.98,27.98,25.2
bump_and_run_reversal_bottoms:001584,SSC,no_pivot_fits_lead_in,data_limited,,,32.84,32.84,30.16
bump_and_run_reversal_bottoms:001585,SSH,ok,premium,76.0,85.372,71.111,71.111,62.395
bump_and_run_reversal_bottoms:001586,SSI,no_pivot_fits_lead_in,premium,,,5.338,6.68,5.83
bump_and_run_reversal_bottoms:001587,SSI,ok,premium,21.0,5.905,5.905,7.39,6.24
bump_and_run_reversal_bottoms:001588,SSI,ok,premium,11.0,20.704,20.621,25.8,22.92
bump_and_run_reversal_bottoms:001589,SSM,no_pivot_fits_lead_in,standard,,,9.53,9.53,7.59
bump_and_run_reversal_bottoms:001590,SSM,no_pivot_fits_lead_in,data_limited,,,5.6,5.6,5.5
bump_and_run_reversal_bottoms:001591,SSN,ok,standard,11.0,15.0,14.9,14.9,10.6
bump_and_run_reversal_bottoms:001592,SSN,ok,standard,29.0,21.5,19.3,19.3,17.2
bump_and_run_reversal_bottoms:001593,ST8,ok,data_limited,57.0,12.53,10.73,10.73,9.24
bump_and_run_reversal_bottoms:001594,STB,ok,standard,42.0,17.92,16.92,16.92,15.42
bump_and_run_reversal_bottoms:001595,STB,ok,standard,181.0,17.92,17.25,17.25,14.75
bump_and_run_reversal_bottoms:001596,STB,cut_by_search_cap,premium,,,12.7,12.7,13.3
bump_and_run_reversal_bottoms:001597,STC,no_pivot_fits_lead_in,data_limited,,,6.76,6.76,6.243
bump_and_run_reversal_bottoms:001598,STC,no_pivot_fits_lead_in,standard,,,12.922,12.922,13.97
bump_and_run_reversal_bottoms:001599,STG,ok,data_limited,5.0,17.8,17.8,17.8,14.35
bump_and_run_reversal_bottoms:001600,STG,no_pivot_fits_lead_in,data_limited,,,17.0,17.0,14.7
bump_and_run_reversal_bottoms:001601,STG,ok,data_limited,11.0,34.9,32.8,32.8,30.0
bump_and_run_reversal_bottoms:001602,STG,cut_by_search_cap,data_limited,,,44.5,44.5,31.65
bump_and_run_reversal_bottoms:001603,STH,ok,standard,14.0,11.6,11.5,11.5,10.2
bump_and_run_reversal_bottoms:001604,STH,no_pivot_fits_lead_in,standard,,,23.8,23.8,21.1
bump_and_run_reversal_bottoms:001605,STK,ok,data_limited,39.0,7.59,6.85,6.85,5.41
bump_and_run_reversal_bottoms:001606,STK,ok,premium,8.0,7.03,6.95,6.95,6.24
bump_and_run_reversal_bottoms:001607,STK,ok,premium,22.0,17.43,16.55,16.55,15.71
bump_and_run_reversal_bottoms:001608,STK,ok,premium,28.0,17.43,16.62,16.62,14.91
bump_and_run_reversal_bottoms:001609,STL,ok,data_limited,23.0,6.3,5.8,5.8,3.0
bump_and_run_reversal_bottoms:001610,STL,ok,data_limited,61.0,4.7,4.0,4.0,2.8
bump_and_run_reversal_bottoms:001611,STL,no_pivot_fits_lead_in,data_limited,,,3.6,3.6,2.9
bump_and_run_reversal_bottoms:001612,STP,cut_by_search_cap,data_limited,,,2.93,2.93,2.53
bump_and_run_reversal_bottoms:001613,STP,ok,data_limited,7.0,2.87,2.6,2.6,2.21
bump_and_run_reversal_bottoms:001614,STP,ok,data_limited,1.0,6.98,6.98,6.98,5.73
bump_and_run_reversal_bottoms:001615,STT,ok,data_limited,41.0,2.2,2.0,2.0,1.8
bump_and_run_reversal_bottoms:001616,SVC,ok,standard,49.0,19.96,17.99,17.99,14.65
bump_and_run_reversal_bottoms:001617,SVG,ok,data_limited,18.0,6.8,6.0,6.0,4.6
bump_and_run_reversal_bottoms:001618,SVI,ok,data_limited,9.0,77.724,73.935,73.935,56.56
bump_and_run_reversal_bottoms:001619,SVN,ok,standard,15.0,5.0,4.7,4.7,3.7
bump_and_run_reversal_bottoms:001620,SVN,ok,standard,22.0,5.0,4.9,4.9,3.8
bump_and_run_reversal_bottoms:001621,SVT,ok,data_limited,55.0,6.09,4.04,4.04,3.07
bump_and_run_reversal_bottoms:001622,SVT,ok,standard,8.0,11.75,11.75,11.75,8.51
bump_and_run_reversal_bottoms:001623,SVT,ok,standard,10.0,8.93,8.75,8.75,7.69
bump_and_run_reversal_bottoms:001624,SWC,ok,standard,52.0,34.25,32.62,32.62,27.64
bump_and_run_reversal_bottoms:001625,SWC,ok,standard,13.0,22.66,22.66,22.66,18.94
bump_and_run_reversal_bottoms:001626,SWC,no_pivot_fits_lead_in,loose,,,24.2,24.2,21.39
bump_and_run_reversal_bottoms:001627,SWC,ok,standard,3.0,31.72,31.63,31.63,25.19
bump_and_run_reversal_bottoms:001628,SWC,no_pivot_fits_lead_in,data_limited,,,36.1,36.1,25.5
bump_and_run_reversal_bottoms:001629,SZE,ok,standard,24.0,11.37,11.3,11.3,9.7
bump_and_run_reversal_bottoms:001630,SZG,no_pivot_fits_lead_in,data_limited,,,34.511,34.511,30.731
bump_and_run_reversal_bottoms:001631,TA9,no_pivot_fits_lead_in,standard,,,10.04,10.04,6.35
bump_and_run_reversal_bottoms:001632,TA9,ok,data_limited,25.0,5.98,5.36,5.36,4.64
bump_and_run_reversal_bottoms:001633,TA9,ok,data_limited,37.0,5.81,5.11,5.11,4.37
bump_and_run_reversal_bottoms:001634,TAN,no_pivot_fits_lead_in,standard,,,43.0,43.0,36.0
bump_and_run_reversal_bottoms:001635,TBC,no_pivot_fits_lead_in,standard,,,24.33,24.33,22.7
bump_and_run_reversal_bottoms:001636,TBR,no_pivot_fits_lead_in,data_limited,,,8.465,8.465,6.717
bump_and_run_reversal_bottoms:001637,TCB,cut_by_search_cap,premium,,,16.73,16.73,14.34
bump_and_run_reversal_bottoms:001638,TCD,ok,premium,52.0,7.91,6.81,6.81,5.85
bump_and_run_reversal_bottoms:001639,TCH,ok,premium,29.0,14.26,12.78,12.78,10.82
bump_and_run_reversal_bottoms:001640,TCI,no_pivot_fits_lead_in,data_limited,,,7.35,7.35,4.68
bump_and_run_reversal_bottoms:001641,TCI,ok,premium,83.0,13.55,9.84,9.84,8.76
bump_and_run_reversal_bottoms:001642,TCL,ok,data_limited,1.0,8.08,8.08,8.08,7.34
bump_and_run_reversal_bottoms:001643,TCL,ok,loose,29.0,9.41,9.18,9.18,8.11
bump_and_run_reversal_bottoms:001644,TCL,ok,premium,7.0,31.1,29.85,29.85,26.17
bump_and_run_reversal_bottoms:001645,TCL,no_pivot_fits_lead_in,premium,,,29.99,29.99,25.16
bump_and_run_reversal_bottoms:001646,TCM,ok,premium,31.0,13.7,11.67,11.67,10.11
bump_and_run_reversal_bottoms:001647,TCM,ok,premium,110.0,12.68,11.86,11.86,9.09
bump_and_run_reversal_bottoms:001648,TCM,ok,premium,15.0,13.25,12.76,12.76,10.22
bump_and_run_reversal_bottoms:001649,TCM,ok,loose,45.0,37.71,33.02,33.02,31.12
bump_and_run_reversal_bottoms:001650,TCO,ok,data_limited,52.0,7.16,7.09,7.09,4.71
bump_and_run_reversal_bottoms:001651,TCO,ok,premium,18.0,5.96,5.96,5.96,4.78
bump_and_run_reversal_bottoms:001652,TCR,ok,standard,6.0,5.84,5.55,5.55,4.78
bump_and_run_reversal_bottoms:001653,TCR,ok,data_limited,29.0,3.09,3.09,3.09,2.48
bump_and_run_reversal_bottoms:001654,TCR,ok,data_limited,97.0,3.09,2.8,2.8,2.45
bump_and_run_reversal_bottoms:001655,TCR,no_pivot_fits_lead_in,data_limited,,,3.8,3.8,3.41
bump_and_run_reversal_bottoms:001656,TCT,no_pivot_fits_lead_in,premium,,,42.98,42.98,36.57
bump_and_run_reversal_bottoms:001657,TCT,ok,standard,170.0,20.77,19.51,19.51,16.78
bump_and_run_reversal_bottoms:001658,TCW,no_pivot_fits_lead_in,premium,,,10.74,10.74,10.1
bump_and_run_reversal_bottoms:001659,TCW,ok,standard,8.0,22.8,22.59,22.59,20.09
bump_and_run_reversal_bottoms:001660,TCW,ok,standard,63.0,22.8,21.28,21.28,18.45
bump_and_run_reversal_bottoms:001661,TDC,no_pivot_fits_lead_in,standard,,,4.94,4.94,4.0
bump_and_run_reversal_bottoms:001662,TDC,ok,premium,18.0,22.44,18.08,18.08,11.76
bump_and_run_reversal_bottoms:001663,TDC,ok,premium,10.0,9.87,9.32,9.32,7.97
bump_and_run_reversal_bottoms:001664,TDF,ok,data_limited,16.0,17.47,16.16,16.16,14.42
bump_and_run_reversal_bottoms:001665,TDF,cut_by_search_cap,data_limited,,,17.82,17.82,14.42
bump_and_run_reversal_bottoms:001666,TDG,ok,standard,12.0,3.68,3.5,3.5,3.16
bump_and_run_reversal_bottoms:001667,TDH,no_pivot_fits_lead_in,standard,,,6.93,6.93,5.4
bump_and_run_reversal_bottoms:001668,TDH,ok,premium,28.0,12.0,8.6,8.6,7.2
bump_and_run_reversal_bottoms:001669,TDH,ok,standard,43.0,5.45,4.63,4.63,3.72
bump_and_run_reversal_bottoms:001670,TDH,ok,data_limited,20.0,4.75,3.98,3.98,3.37
bump_and_run_reversal_bottoms:001671,TDS,ok,premium,28.0,19.14,18.38,18.38,16.06
bump_and_run_reversal_bottoms:001672,TDS,ok,standard,43.0,29.42,12.8,12.8,10.8
bump_and_run_reversal_bottoms:001673,TDW,no_pivot_fits_lead_in,loose,,,17.77,17.77,14.43
bump_and_run_reversal_bottoms:001674,TDW,ok,data_limited,61.0,55.65,48.52,48.52,43.32
bump_and_run_reversal_bottoms:001675,TED,ok,data_limited,18.0,31.78,31.78,31.78,26.87
bump_and_run_reversal_bottoms:001676,TEG,ok,premium,27.0,15.32,12.34,12.34,8.7
bump_and_run_reversal_bottoms:001677,TEG,ok,premium,26.0,10.1,9.88,9.88,8.89
bump_and_run_reversal_bottoms:001678,TET,no_pivot_fits_lead_in,data_limited,,,9.048,9.048,7.458
bump_and_run_reversal_bottoms:001679,TFC,ok,data_limited,38.0,5.696,4.967,4.967,4.437
bump_and_run_reversal_bottoms:001680,TFC,no_pivot_fits_lead_in,data_limited,,,5.934,5.934,4.239
bump_and_run_reversal_bottoms:001681,TFC,ok,premium,35.0,84.399,80.518,80.518,65.0
bump_and_run_reversal_bottoms:001682,TGP,no_pivot_fits_lead_in,data_limited,,,6.57,6.57,4.85
bump_and_run_reversal_bottoms:001683,TGP,ok,data_limited,5.0,4.2,4.11,4.11,3.93
bump_and_run_reversal_bottoms:001684,TH1,ok,data_limited,5.0,38.14,33.95,33.95,29.12
bump_and_run_reversal_bottoms:001685,THB,ok,premium,44.0,5.36,4.58,4.58,3.91
bump_and_run_reversal_bottoms:001686,THB,ok,data_limited,9.0,3.3,3.3,3.3,2.81
bump_and_run_reversal_bottoms:001687,THG,ok,premium,3.0,7.75,7.73,7.73,6.28
bump_and_run_reversal_bottoms:001688,THG,ok,premium,9.0,35.58,33.9,33.9,27.01
bump_and_run_reversal_bottoms:001689,THM,ok,data_limited,10.0,9.5,9.3,9.3,8.0
bump_and_run_reversal_bottoms:001690,THP,ok,data_limited,71.0,12.52,11.57,11.57,8.55
bump_and_run_reversal_bottoms:001691,THP,no_pivot_fits_lead_in,data_limited,,,10.3,10.3,8.8
bump_and_run_reversal_bottoms:001692,THT,ok,data_limited,12.0,2.88,2.79,2.79,2.44
bump_and_run_reversal_bottoms:001693,THT,no_pivot_fits_lead_in,data_limited,,,4.68,4.68,4.06
bump_and_run_reversal_bottoms:001694,THT,no_pivot_fits_lead_in,loose,,,11.89,11.89,10.26
bump_and_run_reversal_bottoms:001695,TID,ok,standard,30.0,23.97,22.09,22.09,20.12
bump_and_run_reversal_bottoms:001696,TIE,no_pivot_fits_lead_in,data_limited,,,8.1,8.1,7.4
bump_and_run_reversal_bottoms:001697,TIG,ok,data_limited,14.0,1.92,1.92,1.92,1.37
bump_and_run_reversal_bottoms:001698,TIG,no_pivot_fits_lead_in,loose,,,2.16,2.16,1.72
bump_and_run_reversal_bottoms:001699,TIG,ok,standard,78.0,11.0,9.2,9.2,7.1
bump_and_run_reversal_bottoms:001700,TIS,no_pivot_fits_lead_in,data_limited,,,15.1,15.1,10.2
bump_and_run_reversal_bottoms:001701,TIS,ok,standard,183.0,6.2,5.7,5.7,4.8
bump_and_run_reversal_bottoms:001702,TJC,ok,data_limited,152.0,4.45,3.9,3.9,3.39
bump_and_run_reversal_bottoms:001703,TJC,ok,data_limited,9.0,3.57,3.15,3.15,2.75
bump_and_run_reversal_bottoms:001704,TKC,ok,data_limited,51.0,18.741,18.604,18.604,16.536
bump_and_run_reversal_bottoms:001705,TKC,ok,standard,176.0,14.614,3.065,3.065,2.139
bump_and_run_reversal_bottoms:001706,TKU,ok,data_limited,1.0,5.98,5.98,5.98,4.95
bump_and_run_reversal_bottoms:001707,TLD,ok,premium,33.0,15.49,7.57,7.57,7.08
bump_and_run_reversal_bottoms:001708,TLD,ok,premium,151.0,15.49,7.5,7.5,5.02
bump_and_run_reversal_bottoms:001709,TLD,no_pivot_fits_lead_in,standard,,,5.59,5.59,5.13
bump_and_run_reversal_bottoms:001710,TLG,no_pivot_fits_lead_in,premium,,,53.88,53.88,44.66
bump_and_run_reversal_bottoms:001711,TLH,no_pivot_fits_lead_in,standard,,,3.78,3.78,2.8
bump_and_run_reversal_bottoms:001712,TLH,no_pivot_fits_lead_in,standard,,,5.06,5.06,3.82
bump_and_run_reversal_bottoms:001713,TLH,ok,premium,3.0,3.53,3.51,3.51,3.12
bump_and_run_reversal_bottoms:001714,TLH,ok,standard,189.0,3.53,3.3,3.3,2.64
bump_and_run_reversal_bottoms:001715,TLH,ok,premium,53.0,6.7,5.58,5.58,5.29
bump_and_run_reversal_bottoms:001716,TLI,ok,data_limited,13.0,8.9,8.9,8.9,4.4
bump_and_run_reversal_bottoms:001717,TLP,no_pivot_before_lead_start,data_limited,,,16.01,16.01,11.86
bump_and_run_reversal_bottoms:001718,TLP,ok,data_limited,9.0,12.71,11.73,11.73,10.38
bump_and_run_reversal_bottoms:001719,TLP,no_pivot_fits_lead_in,data_limited,,,6.85,6.85,6.07
bump_and_run_reversal_bottoms:001720,TLT,ok,data_limited,9.0,13.345,10.971,10.971,10.201
bump_and_run_reversal_bottoms:001721,TLT,ok,data_limited,45.0,10.907,8.212,8.212,7.058
bump_and_run_reversal_bottoms:001722,TLT,cut_by_search_cap,data_limited,,,8.597,8.597,8.212
bump_and_run_reversal_bottoms:001723,TMB,no_pivot_fits_lead_in,standard,,,78.95,78.95,64.37
bump_and_run_reversal_bottoms:001724,TMB,ok,standard,44.0,67.44,60.31,60.31,53.19
bump_and_run_reversal_bottoms:001725,TMC,no_pivot_fits_lead_in,data_limited,,,12.08,12.08,10.39
bump_and_run_reversal_bottoms:001726,TMC,no_pivot_fits_lead_in,data_limited,,,8.96,8.96,7.63
bump_and_run_reversal_bottoms:001727,TMS,cut_by_search_cap,loose,,,41.99,41.99,37.74
bump_and_run_reversal_bottoms:001728,TMT,ok,standard,14.0,26.4,21.4,21.4,15.7
bump_and_run_reversal_bottoms:001729,TMX,no_pivot_fits_lead_in,data_limited,,,10.87,10.87,9.69
bump_and_run_reversal_bottoms:001730,TN1,ok,standard,14.0,24.01,22.96,22.96,20.32
bump_and_run_reversal_bottoms:001731,TNA,ok,premium,48.0,12.578,11.884,11.884,8.974
bump_and_run_reversal_bottoms:001732,TNB,ok,data_limited,25.0,5.296,4.766,4.766,3.972
bump_and_run_reversal_bottoms:001733,TNC,ok,loose,2.0,6.18,6.18,6.18,5.16
bump_and_run_reversal_bottoms:001734,TNC,ok,data_limited,72.0,9.01,7.04,7.04,6.21
bump_and_run_reversal_bottoms:001735,TNG,no_pivot_fits_lead_in,premium,,,2.05,2.05,1.59
bump_and_run_reversal_bottoms:001736,TNG,ok,premium,7.0,5.04,4.75,4.75,4.3
bump_and_run_reversal_bottoms:001737,TNG,ok,standard,15.0,4.55,4.3,4.3,3.6
bump_and_run_reversal_bottoms:001738,TNG,ok,premium,30.0,21.63,19.87,19.87,16.66
bump_and_run_reversal_bottoms:001739,TNG,no_pivot_fits_lead_in,data_limited,,,25.82,25.82,18.13
bump_and_run_reversal_bottoms:001740,TNH,no_pivot_fits_lead_in,standard,,,18.78,18.78,15.83
bump_and_run_reversal_bottoms:001741,TNI,no_pivot_fits_lead_in,standard,,,14.65,14.65,7.86
bump_and_run_reversal_bottoms:001742,TNS,ok,data_limited,195.0,8.4,2.6,2.6,2.1
bump_and_run_reversal_bottoms:001743,TNS,ok,standard,31.0,14.3,8.7,8.7,5.3
bump_and_run_reversal_bottoms:001744,TNS,no_pivot_fits_lead_in,data_limited,,,5.3,5.3,4.5
bump_and_run_reversal_bottoms:001745,TNT,cut_by_search_cap,standard,,,2.02,2.02,1.42
bump_and_run_reversal_bottoms:001746,TOT,ok,data_limited,23.0,11.6,8.16,8.16,7.25
bump_and_run_reversal_bottoms:001747,TPC,ok,standard,9.0,3.8,3.77,3.77,3.19
bump_and_run_reversal_bottoms:001748,TPC,ok,standard,29.0,3.09,3.06,3.06,2.61
bump_and_run_reversal_bottoms:001749,TPP,ok,data_limited,28.0,10.87,10.26,10.26,6.94
bump_and_run_reversal_bottoms:001750,TRA,ok,loose,9.0,44.95,42.07,42.07,40.38
bump_and_run_reversal_bottoms:001751,TRA,ok,premium,1.0,23.39,23.39,23.39,20.37
bump_and_run_reversal_bottoms:001752,TRC,no_pivot_fits_lead_in,data_limited,,,23.96,23.96,19.87
bump_and_run_reversal_bottoms:001753,TRC,ok,premium,10.0,30.52,27.66,27.66,20.13
bump_and_run_reversal_bottoms:001754,TRC,ok,data_limited,99.0,36.85,28.46,28.46,24.34
bump_and_run_reversal_bottoms:001755,TRS,no_pivot_fits_lead_in,data_limited,,,16.32,16.32,14.62
bump_and_run_reversal_bottoms:001756,TS3,ok,data_limited,177.0,7.7,4.7,4.7,4.3
bump_and_run_reversal_bottoms:001757,TS4,ok,standard,23.0,7.791,7.026,7.026,6.263
bump_and_run_reversal_bottoms:001758,TS4,no_pivot_fits_lead_in,standard,,,9.322,9.322,7.25
bump_and_run_reversal_bottoms:001759,TSB,ok,data_limited,10.0,52.85,51.97,51.97,47.46
bump_and_run_reversal_bottoms:001760,TSB,ok,standard,14.0,48.34,47.85,47.85,42.56
bump_and_run_reversal_bottoms:001761,TSB,ok,premium,6.0,44.52,43.54,43.54,39.0
bump_and_run_reversal_bottoms:001762,TSC,ok,premium,34.0,16.58,13.84,13.84,11.06
bump_and_run_reversal_bottoms:001763,TSC,ok,premium,91.0,4.08,3.36,3.36,2.79
bump_and_run_reversal_bottoms:001764,TSC,ok,loose,18.0,3.52,3.36,3.36,3.09
bump_and_run_reversal_bottoms:001765,TSD,no_pivot_fits_lead_in,standard,,,5.4,5.4,5.2
bump_and_run_reversal_bottoms:001766,TSD,ok,standard,41.0,6.3,6.3,6.3,5.0
bump_and_run_reversal_bottoms:001767,TST,ok,data_limited,36.0,6.663,6.006,6.006,5.068
bump_and_run_reversal_bottoms:001768,TST,ok,data_limited,26.0,6.3,5.0,5.0,4.0
bump_and_run_reversal_bottoms:001769,TT6,ok,standard,11.0,9.26,8.0,8.0,4.8
bump_and_run_reversal_bottoms:001770,TT6,no_pivot_fits_lead_in,standard,,,7.29,7.29,4.86
bump_and_run_reversal_bottoms:001771,TTA,ok,standard,67.0,16.37,13.39,13.39,9.92
bump_and_run_reversal_bottoms:001772,TTA,ok,premium,96.0,13.39,11.11,11.11,9.39
bump_and_run_reversal_bottoms:001773,TTA,ok,premium,9.0,13.71,13.33,13.33,10.9
bump_and_run_reversal_bottoms:001774,TTC,ok,data_limited,10.0,11.01,9.95,9.95,8.47
bump_and_run_reversal_bottoms:001775,TTC,cut_by_search_cap,data_limited,,,8.02,8.02,7.46
bump_and_run_reversal_bottoms:001776,TTC,no_pivot_fits_lead_in,data_limited,,,13.51,13.51,9.79
bump_and_run_reversal_bottoms:001777,TTD,no_pivot_fits_lead_in,data_limited,,,25.31,25.31,21.92
bump_and_run_reversal_bottoms:001778,TTE,no_pivot_fits_lead_in,data_limited,,,16.829,16.829,12.764
bump_and_run_reversal_bottoms:001779,TTF,ok,standard,5.0,12.86,12.76,12.76,10.3
bump_and_run_reversal_bottoms:001780,TTF,ok,standard,75.0,3.72,3.12,3.12,2.79
bump_and_run_reversal_bottoms:001781,TTF,no_pivot_fits_lead_in,standard,,,8.29,8.29,6.7
bump_and_run_reversal_bottoms:001782,TTF,ok,premium,172.0,6.15,5.02,5.02,4.1
bump_and_run_reversal_bottoms:001783,TTG,no_pivot_fits_lead_in,standard,,,13.9,13.9,7.0
bump_and_run_reversal_bottoms:001784,TTH,ok,standard,185.0,3.2,2.5,2.5,1.8
bump_and_run_reversal_bottoms:001785,TTL,no_pivot_fits_lead_in,data_limited,,,11.0,11.0,7.4
bump_and_run_reversal_bottoms:001786,TTN,cut_by_search_cap,standard,,,7.9,7.9,6.38
bump_and_run_reversal_bottoms:001787,TTT,ok,data_limited,2.0,43.62,43.62,43.62,36.91
bump_and_run_reversal_bottoms:001788,TV1,no_pivot_fits_lead_in,data_limited,,,10.49,10.49,9.53
bump_and_run_reversal_bottoms:001789,TV1,ok,data_limited,7.0,10.11,9.53,9.53,8.01
bump_and_run_reversal_bottoms:001790,TV1,ok,standard,22.0,24.03,22.79,22.79,21.14
bump_and_run_reversal_bottoms:001791,TV2,ok,standard,8.0,27.85,26.91,26.91,21.36
bump_and_run_reversal_bottoms:001792,TV2,ok,data_limited,60.0,44.2,30.9,30.9,26.55
bump_and_run_reversal_bottoms:001793,TV3,ok,data_limited,59.0,24.73,20.73,20.73,18.55
bump_and_run_reversal_bottoms:001794,TV3,ok,data_limited,12.0,22.53,19.78,19.78,18.17
bump_and_run_reversal_bottoms:001795,TV3,ok,data_limited,121.0,19.14,19.14,19.14,13.0
bump_and_run_reversal_bottoms:001796,TV4,no_pivot_fits_lead_in,data_limited,,,3.33,3.33,2.79
bump_and_run_reversal_bottoms:001797,TV4,no_pivot_fits_lead_in,data_limited,,,5.5,5.5,4.96
bump_and_run_reversal_bottoms:001798,TV4,ok,standard,9.0,9.2,9.15,9.15,7.79
bump_and_run_reversal_bottoms:001799,TV4,no_pivot_fits_lead_in,loose,,,16.88,16.88,13.52
bump_and_run_reversal_bottoms:001800,TVB,ok,premium,41.0,11.06,9.43,9.43,7.81
bump_and_run_reversal_bottoms:001801,TVB,ok,standard,22.0,10.75,7.03,7.03,4.59
bump_and_run_reversal_bottoms:001802,TVB,ok,premium,18.0,9.55,9.52,9.52,8.19
bump_and_run_reversal_bottoms:001803,TVB,ok,premium,2.0,8.64,8.64,8.64,7.64
bump_and_run_reversal_bottoms:001804,TVB,ok,premium,79.0,11.15,8.52,8.52,7.67
bump_and_run_reversal_bottoms:001805,TVD,no_pivot_fits_lead_in,loose,,,4.19,4.19,3.79
bump_and_run_reversal_bottoms:001806,TVN,ok,premium,12.0,19.85,17.48,17.48,15.01
bump_and_run_reversal_bottoms:001807,TVN,ok,standard,33.0,7.98,7.88,7.88,6.0
bump_and_run_reversal_bottoms:001808,TW3,ok,data_limited,38.0,21.503,15.497,15.497,10.974
bump_and_run_reversal_bottoms:001809,TW3,ok,data_limited,21.0,16.91,16.554,16.554,14.329
bump_and_run_reversal_bottoms:001810,TXM,no_pivot_fits_lead_in,data_limited,,,12.25,12.25,9.96
bump_and_run_reversal_bottoms:001811,TYA,ok,standard,41.0,1.49,1.39,1.39,1.23
bump_and_run_reversal_bottoms:001812,TYA,no_pivot_fits_lead_in,standard,,,3.04,3.04,2.23
bump_and_run_reversal_bottoms:001813,UDC,ok,standard,106.0,5.1,3.83,3.83,3.24
bump_and_run_reversal_bottoms:001814,UDC,ok,premium,2.0,9.5,9.5,9.5,6.64
bump_and_run_reversal_bottoms:001815,UDC,ok,loose,220.0,5.6,5.1,5.1,3.8
bump_and_run_reversal_bottoms:001816,UDC,ok,data_limited,85.0,4.3,3.4,3.4,3.1
bump_and_run_reversal_bottoms:001817,UDJ,no_pivot_fits_lead_in,data_limited,,,2.61,2.61,2.29
bump_and_run_reversal_bottoms:001818,UDJ,ok,standard,53.0,8.1,8.1,8.1,6.7
bump_and_run_reversal_bottoms:001819,UIC,ok,premium,37.0,23.74,21.66,21.66,18.85
bump_and_run_reversal_bottoms:001820,UIC,ok,data_limited,10.0,45.95,44.0,44.0,35.85
bump_and_run_reversal_bottoms:001821,UIC,ok,standard,123.0,45.95,40.0,40.0,33.7
bump_and_run_reversal_bottoms:001822,UNI,no_pivot_fits_lead_in,data_limited,,,11.11,11.11,9.91
bump_and_run_reversal_bottoms:001823,UNI,no_pivot_fits_lead_in,standard,,,15.5,15.5,13.0
bump_and_run_reversal_bottoms:001824,UPH,no_pivot_fits_lead_in,data_limited,,,10.9,10.9,9.7
bump_and_run_reversal_bottoms:001825,V12,ok,data_limited,58.0,4.891,4.327,4.327,3.649
bump_and_run_reversal_bottoms:001826,V12,ok,data_limited,20.0,7.599,7.599,7.599,6.769
bump_and_run_reversal_bottoms:001827,V15,ok,data_limited,186.0,2.9,1.1,1.1,0.9
bump_and_run_reversal_bottoms:001828,VAF,no_pivot_fits_lead_in,data_limited,,,15.72,15.72,9.76
bump_and_run_reversal_bottoms:001829,VAV,ok,data_limited,7.0,13.43,12.54,12.54,10.61
bump_and_run_reversal_bottoms:001830,VAV,no_pivot_fits_lead_in,data_limited,,,25.98,25.98,17.26
bump_and_run_reversal_bottoms:001831,VAV,ok,data_limited,123.0,20.54,17.4,17.4,15.71
bump_and_run_reversal_bottoms:001832,VBB,ok,standard,36.0,8.94,7.34,7.34,6.06
bump_and_run_reversal_bottoms:001833,VBB,ok,premium,30.0,11.73,11.73,11.73,9.45
bump_and_run_reversal_bottoms:001834,VBC,no_pivot_fits_lead_in,standard,,,24.79,24.79,14.34
bump_and_run_reversal_bottoms:001835,VBC,ok,data_limited,88.0,14.78,13.46,13.46,11.12
bump_and_run_reversal_bottoms:001836,VBH,ok,data_limited,209.0,36.31,18.67,18.67,12.79
bump_and_run_reversal_bottoms:001837,VBH,no_pivot_fits_lead_in,data_limited,,,14.9,14.9,13.5
bump_and_run_reversal_bottoms:001838,VC1,no_pivot_fits_lead_in,data_limited,,,13.1,13.1,11.3
bump_and_run_reversal_bottoms:001839,VC1,ok,data_limited,71.0,13.9,8.6,8.6,8.2
bump_and_run_reversal_bottoms:001840,VC1,ok,standard,6.0,13.3,12.7,12.7,11.2
bump_and_run_reversal_bottoms:001841,VC1,ok,data_limited,61.0,26.1,12.1,12.1,9.6
bump_and_run_reversal_bottoms:001842,VC1,no_pivot_fits_lead_in,data_limited,,,9.9,9.9,10.1
bump_and_run_reversal_bottoms:001843,VC2,no_pivot_fits_lead_in,data_limited,,,6.83,6.83,5.95
bump_and_run_reversal_bottoms:001844,VC2,no_pivot_fits_lead_in,data_limited,,,7.04,7.04,6.13
bump_and_run_reversal_bottoms:001845,VC2,ok,standard,6.0,11.9,11.9,11.9,9.33
bump_and_run_reversal_bottoms:001846,VC2,no_pivot_fits_lead_in,data_limited,,,11.09,11.09,9.26
bump_and_run_reversal_bottoms:001847,VC2,ok,standard,28.0,9.82,8.64,8.64,7.27
bump_and_run_reversal_bottoms:001848,VC6,no_pivot_fits_lead_in,data_limited,,,2.54,2.54,2.21
bump_and_run_reversal_bottoms:001849,VC6,no_pivot_fits_lead_in,data_limited,,,6.81,6.81,5.9
bump_and_run_reversal_bottoms:001850,VC7,no_pivot_before_lead_start,standard,,,1.8,1.8,1.42
bump_and_run_reversal_bottoms:001851,VC7,no_pivot_fits_lead_in,standard,,,9.82,9.82,8.29
bump_and_run_reversal_bottoms:001852,VC7,ok,standard,50.0,14.37,10.34,10.34,8.77
bump_and_run_reversal_bottoms:001853,VC7,cut_by_search_cap,data_limited,,,5.33,5.33,3.43
bump_and_run_reversal_bottoms:001854,VC9,ok,data_limited,4.0,4.78,4.61,4.61,3.57
bump_and_run_reversal_bottoms:001855,VCB,no_pivot_fits_lead_in,premium,,,7.81,7.81,6.93
bump_and_run_reversal_bottoms:001856,VCB,ok,premium,133.0,53.53,48.23,48.23,40.98
bump_and_run_reversal_bottoms:001857,VCB,ok,data_limited,3.0,65.65,64.36,64.36,60.8
bump_and_run_reversal_bottoms:001858,VCC,no_pivot_fits_lead_in,data_limited,,,5.88,5.88,5.13
bump_and_run_reversal_bottoms:001859,VCC,no_pivot_fits_lead_in,data_limited,,,8.05,8.05,6.86
bump_and_run_reversal_bottoms:001860,VCF,ok,data_limited,72.0,96.98,77.85,77.85,61.75
bump_and_run_reversal_bottoms:001861,VCF,ok,data_limited,28.0,148.3,111.94,111.94,101.84
bump_and_run_reversal_bottoms:001862,VCG,ok,premium,25.0,12.29,9.53,9.53,8.55
bump_and_run_reversal_bottoms:001863,VCI,no_pivot_fits_lead_in,premium,,,14.91,14.91,11.31
bump_and_run_reversal_bottoms:001864,VCI,ok,loose,51.0,30.28,28.31,28.31,25.18
bump_and_run_reversal_bottoms:001865,VCP,no_pivot_fits_lead_in,premium,,,26.3,26.3,21.7
bump_and_run_reversal_bottoms:001866,VCR,ok,data_limited,24.0,4.2,4.1,4.1,3.1
bump_and_run_reversal_bottoms:001867,VCR,ok,premium,140.0,20.1,12.0,12.0,10.2
bump_and_run_reversal_bottoms:001868,VCS,no_pivot_fits_lead_in,premium,,,76.69,76.69,70.35
bump_and_run_reversal_bottoms:001869,VCS,ok,premium,2.0,46.84,46.84,46.84,40.45
bump_and_run_reversal_bottoms:001870,VCS,ok,premium,20.0,59.2,57.06,57.06,46.03
bump_and_run_reversal_bottoms:001871,VCS,ok,data_limited,3.0,41.53,38.87,38.87,36.79
bump_and_run_reversal_bottoms:001872,VCW,ok,data_limited,20.0,21.082,20.811,20.811,18.919
bump_and_run_reversal_bottoms:001873,VCW,ok,data_limited,17.0,29.803,28.018,28.018,24.092
bump_and_run_reversal_bottoms:001874,VCW,ok,data_limited,14.0,35.8,35.8,35.8,32.0
bump_and_run_reversal_bottoms:001875,VDL,no_pivot_fits_lead_in,data_limited,,,28.106,28.106,20.27
bump_and_run_reversal_bottoms:001876,VDL,ok,data_limited,155.0,23.707,13.092,13.092,11.146
bump_and_run_reversal_bottoms:001877,VDP,ok,data_limited,10.0,18.81,18.65,18.65,17.48
bump_and_run_reversal_bottoms:001878,VDT,ok,data_limited,80.0,16.257,16.257,16.257,11.38
bump_and_run_reversal_bottoms:001879,VE1,no_pivot_fits_lead_in,data_limited,,,9.0,9.0,7.1
bump_and_run_reversal_bottoms:001880,VE1,ok,data_limited,1.0,21.3,21.3,21.3,13.4
bump_and_run_reversal_bottoms:001881,VE1,no_pivot_fits_lead_in,data_limited,,,4.1,4.1,3.6
bump_and_run_reversal_bottoms:001882,VE2,no_pivot_fits_lead_in,data_limited,,,10.076,10.076,9.283
bump_and_run_reversal_bottoms:001883,VE2,ok,data_limited,35.0,11.582,11.527,11.527,9.985
bump_and_run_reversal_bottoms:001884,VE3,ok,data_limited,19.0,10.84,10.5,10.5,9.11
bump_and_run_reversal_bottoms:001885,VE3,ok,data_limited,13.0,10.5,10.5,10.5,9.2
bump_and_run_reversal_bottoms:001886,VE3,ok,data_limited,54.0,15.5,12.0,12.0,10.2
bump_and_run_reversal_bottoms:001887,VE8,ok,standard,19.0,14.8,12.9,12.9,9.3
bump_and_run_reversal_bottoms:001888,VE8,ok,data_limited,86.0,14.8,10.5,10.5,8.2
bump_and_run_reversal_bottoms:001889,VE9,ok,standard,13.0,8.5,6.6,6.6,5.3
bump_and_run_reversal_bottoms:001890,VE9,ok,standard,47.0,5.2,4.5,4.5,4.0
bump_and_run_reversal_bottoms:001891,VEA,ok,premium,12.0,29.94,29.94,29.94,27.32
bump_and_run_reversal_bottoms:001892,VEA,no_pivot_fits_lead_in,premium,,,39.2,39.2,33.8
bump_and_run_reversal_bottoms:001893,VEC,ok,data_limited,19.0,6.41,6.14,6.14,5.41
bump_and_run_reversal_bottoms:001894,VEC,ok,data_limited,1.0,10.2,10.2,10.2,7.5
bump_and_run_reversal_bottoms:001895,VEC,ok,data_limited,4.0,8.7,8.5,8.5,7.4
bump_and_run_reversal_bottoms:001896,VEC,ok,data_limited,5.0,21.6,21.6,21.6,14.3
bump_and_run_reversal_bottoms:001897,VEF,ok,premium,57.0,58.9,54.22,54.22,31.06
bump_and_run_reversal_bottoms:001898,VEF,ok,premium,192.0,58.9,45.85,45.85,37.08
bump_and_run_reversal_bottoms:001899,VEF,ok,premium,28.0,47.12,43.84,43.84,38.82
bump_and_run_reversal_bottoms:001900,VEF,no_pivot_fits_lead_in,premium,,,184.41,184.41,136.48
bump_and_run_reversal_bottoms:001901,VEF,ok,premium,11.0,164.19,157.3,157.3,123.1
bump_and_run_reversal_bottoms:001902,VES,no_pivot_fits_lead_in,data_limited,,,2.0,2.0,1.6
bump_and_run_reversal_bottoms:001903,VET,ok,data_limited,36.0,97.13,83.27,83.27,70.02
bump_and_run_reversal_bottoms:001904,VET,ok,data_limited,74.0,111.86,61.11,61.11,55.48
bump_and_run_reversal_bottoms:001905,VET,ok,data_limited,1.0,19.0,19.0,19.0,14.5
bump_and_run_reversal_bottoms:001906,VFG,ok,premium,43.0,80.31,73.49,73.49,59.36
bump_and_run_reversal_bottoms:001907,VFR,ok,premium,17.0,10.29,9.93,9.93,8.71
bump_and_run_reversal_bottoms:001908,VFS,no_pivot_fits_lead_in,standard,,,21.43,21.43,16.99
bump_and_run_reversal_bottoms:001909,VFS,no_pivot_fits_lead_in,premium,,,19.91,19.91,14.45
bump_and_run_reversal_bottoms:001910,VGC,ok,premium,7.0,49.95,49.42,49.42,38.46
bump_and_run_reversal_bottoms:001911,VGC,ok,data_limited,39.0,55.13,45.15,45.15,41.15
bump_and_run_reversal_bottoms:001912,VGI,no_pivot_fits_lead_in,standard,,,35.15,35.15,30.2
bump_and_run_reversal_bottoms:001913,VGI,ok,data_limited,68.0,142.0,109.0,109.0,85.4
bump_and_run_reversal_bottoms:001914,VGP,no_pivot_fits_lead_in,data_limited,,,21.85,21.85,19.01
bump_and_run_reversal_bottoms:001915,VGP,no_pivot_fits_lead_in,loose,,,33.33,33.33,30.27
bump_and_run_reversal_bottoms:001916,VGS,ok,standard,66.0,5.89,5.23,5.23,4.62
bump_and_run_reversal_bottoms:001917,VGS,no_pivot_fits_lead_in,premium,,,34.91,34.91,28.12
bump_and_run_reversal_bottoms:001918,VGS,ok,premium,26.0,33.99,32.56,32.56,25.28
bump_and_run_reversal_bottoms:001919,VGV,no_pivot_fits_lead_in,data_limited,,,9.61,9.61,8.25
bump_and_run_reversal_bottoms:001920,VGV,no_pivot_fits_lead_in,data_limited,,,9.97,9.97,8.64
bump_and_run_reversal_bottoms:001921,VHC,no_pivot_fits_lead_in,premium,,,19.72,19.72,15.93
bump_and_run_reversal_bottoms:001922,VHC,no_pivot_fits_lead_in,premium,,,19.29,19.29,16.02
bump_and_run_reversal_bottoms:001923,VHC,ok,standard,17.0,33.37,33.37,33.37,28.67
bump_and_run_reversal_bottoms:001924,VHC,no_pivot_fits_lead_in,premium,,,34.03,34.03,28.93
bump_and_run_reversal_bottoms:001925,VHC,ok,premium,23.0,69.71,59.11,59.11,46.19
bump_and_run_reversal_bottoms:001926,VHD,ok,data_limited,8.0,28.9,28.7,28.7,17.4
bump_and_run_reversal_bottoms:001927,VHG,ok,premium,70.0,2.03,1.67,1.67,1.14
bump_and_run_reversal_bottoms:001928,VHG,ok,standard,3.0,1.23,1.17,1.17,0.98
bump_and_run_reversal_bottoms:001929,VHH,no_pivot_before_lead_start,data_limited,,,3.6,3.6,2.4
bump_and_run_reversal_bottoms:001930,VHH,ok,data_limited,99.0,3.6,2.6,2.6,2.0
bump_and_run_reversal_bottoms:001931,VHL,ok,data_limited,15.0,13.6,12.4,12.4,10.9
bump_and_run_reversal_bottoms:001932,VIB,ok,standard,29.0,3.67,3.49,3.49,3.1
bump_and_run_reversal_bottoms:001933,VIC,ok,premium,15.0,64.85,58.67,58.67,50.89
bump_and_run_reversal_bottoms:001934,VID,ok,standard,159.0,3.37,2.91,2.91,2.62
bump_and_run_reversal_bottoms:001935,VID,ok,premium,34.0,9.15,8.04,8.04,5.7
bump_and_run_reversal_bottoms:001936,VIF,no_pivot_fits_lead_in,data_limited,,,11.75,11.75,10.13
bump_and_run_reversal_bottoms:001937,VIF,ok,data_limited,65.0,18.1,15.53,15.53,10.74
bump_and_run_reversal_bottoms:001938,VIF,ok,data_limited,9.0,15.09,14.59,14.59,11.36
bump_and_run_reversal_bottoms:001939,VIF,ok,data_limited,120.0,15.09,12.35,12.35,10.36
bump_and_run_reversal_bottoms:001940,VIN,ok,data_limited,13.0,11.11,9.31,9.31,7.32
bump_and_run_reversal_bottoms:001941,VIN,ok,data_limited,20.0,21.19,17.52,17.52,16.01
bump_and_run_reversal_bottoms:001942,VIP,ok,standard,14.0,5.89,5.17,5.17,4.37
bump_and_run_reversal_bottoms:001943,VIP,no_pivot_fits_lead_in,premium,,,6.68,6.68,5.27
bump_and_run_reversal_bottoms:001944,VIR,no_pivot_fits_lead_in,data_limited,,,8.426,8.426,7.431
bump_and_run_reversal_bottoms:001945,VIT,no_pivot_before_lead_start,data_limited,,,0.94,0.94,0.8
bump_and_run_reversal_bottoms:001946,VIT,no_pivot_fits_lead_in,standard,,,1.66,1.66,1.41
bump_and_run_reversal_bottoms:001947,VIT,no_pivot_fits_lead_in,data_limited,,,15.93,15.93,13.65
bump_and_run_reversal_bottoms:001948,VIX,ok,premium,42.0,1.47,1.34,1.34,1.18
bump_and_run_reversal_bottoms:001949,VIX,ok,premium,7.0,12.38,12.38,12.38,9.85
bump_and_run_reversal_bottoms:001950,VIX,ok,premium,86.0,12.38,10.17,10.17,8.32
bump_and_run_reversal_bottoms:001951,VJC,no_pivot_fits_lead_in,premium,,,142.99,142.99,115.3
bump_and_run_reversal_bottoms:001952,VJC,no_pivot_fits_lead_in,premium,,,118.81,118.81,93.94
bump_and_run_reversal_bottoms:001953,VJC,ok,standard,14.0,94.77,94.77,94.77,79.23
bump_and_run_reversal_bottoms:001954,VJC,no_pivot_fits_lead_in,standard,,,114.61,114.61,101.92
bump_and_run_reversal_bottoms:001955,VJC,ok,premium,1.0,79.77,79.77,79.77,73.07
bump_and_run_reversal_bottoms:001956,VKC,ok,loose,100.0,7.7,6.4,6.4,5.8
bump_and_run_reversal_bottoms:001957,VKC,ok,premium,27.0,30.8,16.0,16.0,11.9
bump_and_run_reversal_bottoms:001958,VKP,no_pivot_fits_lead_in,standard,,,2.6,2.6,1.4
bump_and_run_reversal_bottoms:001959,VLA,ok,data_limited,28.0,16.9,14.9,14.9,12.4
bump_and_run_reversal_bottoms:001960,VLB,ok,premium,28.0,30.65,30.51,30.51,27.82
bump_and_run_reversal_bottoms:001961,VLC,ok,standard,6.0,13.82,13.75,13.75,12.19
bump_and_run_reversal_bottoms:001962,VLC,cut_by_search_cap,loose,,,17.63,17.63,14.44
bump_and_run_reversal_bottoms:001963,VLC,no_pivot_fits_lead_in,loose,,,23.15,23.15,17.92
bump_and_run_reversal_bottoms:001964,VLF,cut_by_search_cap,data_limited,,,1.5,1.5,1.1
bump_and_run_reversal_bottoms:001965,VLG,ok,data_limited,52.0,5.14,4.28,4.28,3.32
bump_and_run_reversal_bottoms:001966,VMC,no_pivot_fits_lead_in,standard,,,8.66,8.66,7.4
bump_and_run_reversal_bottoms:001967,VMC,ok,loose,38.0,6.86,6.61,6.61,5.91
bump_and_run_reversal_bottoms:001968,VMD,no_pivot_fits_lead_in,data_limited,,,5.47,5.47,4.78
bump_and_run_reversal_bottoms:001969,VMD,ok,data_limited,21.0,16.95,16.15,16.15,13.76
bump_and_run_reversal_bottoms:001970,VMG,ok,data_limited,6.0,9.0,8.2,8.2,6.9
bump_and_run_reversal_bottoms:001971,VMG,ok,data_limited,94.0,13.5,5.8,5.8,5.1
bump_and_run_reversal_bottoms:001972,VMS,no_pivot_fits_lead_in,data_limited,,,8.43,8.43,6.03
bump_and_run_reversal_bottoms:001973,VNA,ok,standard,91.0,1.54,1.21,1.21,0.89
bump_and_run_reversal_bottoms:001974,VNA,ok,standard,26.0,3.89,2.85,2.85,1.92
bump_and_run_reversal_bottoms:001975,VNA,ok,standard,30.0,18.07,18.07,18.07,15.48
bump_and_run_reversal_bottoms:001976,VNB,ok,standard,18.0,19.3,18.0,18.0,15.2
bump_and_run_reversal_bottoms:001977,VNB,ok,data_limited,13.0,21.5,19.0,19.0,18.0
bump_and_run_reversal_bottoms:001978,VNB,no_pivot_fits_lead_in,premium,,,15.0,15.0,13.6
bump_and_run_reversal_bottoms:001979,VNB,cut_by_search_cap,standard,,,13.2,13.2,9.1
bump_and_run_reversal_bottoms:001980,VNB,ok,standard,17.0,20.2,17.9,17.9,15.3
bump_and_run_reversal_bottoms:001981,VNC,ok,standard,15.0,25.84,22.46,22.46,18.75
bump_and_run_reversal_bottoms:001982,VND,ok,standard,5.0,0.98,0.93,0.93,0.84
bump_and_run_reversal_bottoms:001983,VND,ok,premium,25.0,1.71,1.56,1.56,1.28
bump_and_run_reversal_bottoms:001984,VND,no_pivot_fits_lead_in,premium,,,2.13,2.13,1.75
bump_and_run_reversal_bottoms:001985,VND,ok,premium,151.0,3.03,2.85,2.85,2.39
bump_and_run_reversal_bottoms:001986,VNE,ok,standard,33.0,9.44,8.5,8.5,5.24
bump_and_run_reversal_bottoms:001987,VNF,ok,data_limited,93.0,3.32,3.0,3.0,2.58
bump_and_run_reversal_bottoms:001988,VNF,no_pivot_fits_lead_in,standard,,,16.25,16.25,12.14
bump_and_run_reversal_bottoms:001989,VNG,no_pivot_fits_lead_in,premium,,,18.5,18.5,11.6
bump_and_run_reversal_bottoms:001990,VNG,ok,premium,3.0,10.15,9.65,9.65,8.2
bump_and_run_reversal_bottoms:001991,VNG,ok,standard,9.0,8.2,8.2,8.2,7.67
bump_and_run_reversal_bottoms:001992,VNH,no_pivot_fits_lead_in,premium,,,2.4,2.4,1.54
bump_and_run_reversal_bottoms:001993,VNH,ok,data_limited,237.0,2.1,1.1,1.1,0.8
bump_and_run_reversal_bottoms:001994,VNI,ok,loose,37.0,10.2,9.5,9.5,7.8
bump_and_run_reversal_bottoms:001995,VNL,ok,premium,11.0,12.21,11.67,11.67,10.15
bump_and_run_reversal_bottoms:001996,VNL,no_pivot_fits_lead_in,standard,,,23.08,23.08,20.63
bump_and_run_reversal_bottoms:001997,VNM,ok,premium,17.0,98.94,98.94,98.94,82.27
bump_and_run_reversal_bottoms:001998,VNM,ok,premium,12.0,79.4,77.93,77.93,61.11
bump_and_run_reversal_bottoms:001999,VNM,ok,standard,33.0,86.32,77.71,77.71,66.67
bump_and_run_reversal_bottoms:002000,VNM,ok,premium,55.0,65.27,58.67,58.67,53.46
bump_and_run_reversal_bottoms:002001,VNP,ok,data_limited,30.0,6.54,5.69,5.69,4.33
bump_and_run_reversal_bottoms:002002,VNP,ok,standard,23.0,12.74,10.62,10.62,8.92
bump_and_run_reversal_bottoms:002003,VNP,no_pivot_fits_lead_in,standard,,,21.73,21.73,17.23
bump_and_run_reversal_bottoms:002004,VNR,no_pivot_fits_lead_in,standard,,,8.87,8.87,7.23
bump_and_run_reversal_bottoms:002005,VNS,ok,premium,6.0,9.0,7.93,7.93,7.05
bump_and_run_reversal_bottoms:002006,VNT,ok,data_limited,17.0,31.533,31.533,31.533,26.724
bump_and_run_reversal_bottoms:002007,VNT,ok,data_limited,117.0,86.9,66.0,66.0,57.5
bump_and_run_reversal_bottoms:002008,VNZ,ok,premium,33.0,400.0,400.0,400.0,333.0
bump_and_run_reversal_bottoms:002009,VOC,ok,standard,65.0,12.806,10.726,10.726,8.701
bump_and_run_reversal_bottoms:002010,VOC,ok,standard,38.0,10.331,9.386,9.386,8.442
bump_and_run_reversal_bottoms:002011,VOC,no_pivot_fits_lead_in,standard,,,22.089,22.089,18.833
bump_and_run_reversal_bottoms:002012,VOC,ok,standard,67.0,22.089,18.833,18.833,17.249
bump_and_run_reversal_bottoms:002013,VOS,ok,standard,75.0,3.72,3.26,3.26,2.51
bump_and_run_reversal_bottoms:002014,VOS,ok,premium,3.0,16.48,16.15,16.15,13.82
bump_and_run_reversal_bottoms:002015,VOS,no_pivot_fits_lead_in,premium,,,16.2,16.2,13.78
bump_and_run_reversal_bottoms:002016,VPB,ok,standard,119.0,23.69,17.53,17.53,16.79
bump_and_run_reversal_bottoms:002017,VPB,ok,loose,2.0,30.9,30.9,30.9,25.84
bump_and_run_reversal_bottoms:002018,VPC,ok,data_limited,61.0,1.5,1.2,1.2,0.9
bump_and_run_reversal_bottoms:002019,VPC,no_pivot_fits_lead_in,data_limited,,,10.0,10.0,7.1
bump_and_run_reversal_bottoms:002020,VPD,ok,standard,48.0,11.57,10.97,10.97,9.86
bump_and_run_reversal_bottoms:002021,VPD,ok,standard,4.0,14.54,14.36,14.36,12.59
bump_and_run_reversal_bottoms:002022,VPD,ok,standard,5.0,25.56,25.2,25.2,22.27
bump_and_run_reversal_bottoms:002023,VPD,ok,standard,16.0,24.41,24.41,24.41,22.68
bump_and_run_reversal_bottoms:002024,VPG,ok,premium,10.0,18.096,17.191,17.191,14.905
bump_and_run_reversal_bottoms:002025,VPG,ok,premium,69.0,18.096,16.0,16.0,13.8
bump_and_run_reversal_bottoms:002026,VPG,ok,premium,55.0,16.0,14.2,14.2,11.8
bump_and_run_reversal_bottoms:002027,VPH,ok,standard,28.0,3.066,3.066,3.066,2.492
bump_and_run_reversal_bottoms:002028,VPH,no_pivot_fits_lead_in,loose,,,5.934,5.934,4.706
bump_and_run_reversal_bottoms:002029,VPH,no_pivot_fits_lead_in,standard,,,5.746,5.746,4.174
bump_and_run_reversal_bottoms:002030,VPH,ok,standard,64.0,3.583,2.973,2.973,2.729
bump_and_run_reversal_bottoms:002031,VPH,no_pivot_fits_lead_in,premium,,,7.339,7.339,6.626
bump_and_run_reversal_bottoms:002032,VPH,ok,standard,34.0,8.126,8.085,8.085,6.75
bump_and_run_reversal_bottoms:002033,VPH,ok,standard,5.0,5.58,5.386,5.386,4.594
bump_and_run_reversal_bottoms:002034,VPI,no_pivot_fits_lead_in,standard,,,50.269,50.269,46.581
bump_and_run_reversal_bottoms:002035,VPI,ok,loose,44.0,60.1,60.0,60.0,51.8
bump_and_run_reversal_bottoms:002036,VPL,no_pivot_before_lead_start,premium,,,97.0,97.0,79.0
bump_and_run_reversal_bottoms:002037,VPS,ok,data_limited,51.0,11.374,10.914,10.914,8.448
bump_and_run_reversal_bottoms:002038,VPS,ok,data_limited,28.0,12.29,11.983,11.983,10.331
bump_and_run_reversal_bottoms:002039,VQC,no_pivot_fits_lead_in,data_limited,,,6.838,6.838,4.961
bump_and_run_reversal_bottoms:002040,VQC,no_pivot_fits_lead_in,data_limited,,,12.454,12.454,12.065
bump_and_run_reversal_bottoms:002041,VRC,no_pivot_fits_lead_in,standard,,,26.125,26.125,20.85
bump_and_run_reversal_bottoms:002042,VRC,ok,standard,24.0,19.0,17.4,17.4,15.7
bump_and_run_reversal_bottoms:002043,VRC,ok,premium,193.0,25.3,9.36,9.36,5.67
bump_and_run_reversal_bottoms:002044,VRE,ok,premium,10.0,44.108,41.581,41.581,34.804
bump_and_run_reversal_bottoms:002045,VRE,no_pivot_fits_lead_in,standard,,,35.541,35.541,31.099
bump_and_run_reversal_bottoms:002046,VRE,ok,premium,41.0,36.99,35.541,35.541,27.574
bump_and_run_reversal_bottoms:002047,VRE,ok,premium,25.0,35.735,34.238,34.238,28.926
bump_and_run_reversal_bottoms:002048,VRG,ok,premium,52.0,26.053,23.232,23.232,20.349
bump_and_run_reversal_bottoms:002049,VSA,ok,data_limited,116.0,11.959,10.742,10.742,8.423
bump_and_run_reversal_bottoms:002050,VSA,ok,data_limited,169.0,22.263,20.926,20.926,18.834
bump_and_run_reversal_bottoms:002051,VSC,no_pivot_fits_lead_in,standard,,,6.611,6.611,4.865
bump_and_run_reversal_bottoms:002052,VSC,ok,loose,2.0,10.61,10.61,10.61,8.188
bump_and_run_reversal_bottoms:002053,VSC,ok,standard,55.0,7.938,6.774,6.774,5.948
bump_and_run_reversal_bottoms:002054,VSC,ok,premium,2.0,5.764,5.764,5.764,4.425
bump_and_run_reversal_bottoms:002055,VSC,cut_by_search_cap,standard,,,17.268,17.268,13.428
bump_and_run_reversal_bottoms:002056,VSE,no_pivot_fits_lead_in,standard,,,12.839,12.839,8.712
bump_and_run_reversal_bottoms:002057,VSE,ok,data_limited,53.0,9.942,9.162,9.162,7.7
bump_and_run_reversal_bottoms:002058,VSF,no_pivot_fits_lead_in,data_limited,,,11.0,11.0,7.6
bump_and_run_reversal_bottoms:002059,VSG,ok,data_limited,129.0,3.0,1.7,1.7,1.5
bump_and_run_reversal_bottoms:002060,VSH,no_pivot_fits_lead_in,loose,,,48.528,48.528,44.563
bump_and_run_reversal_bottoms:002061,VSI,no_pivot_fits_lead_in,loose,,,5.901,5.901,4.989
bump_and_run_reversal_bottoms:002062,VSI,ok,data_limited,18.0,7.951,7.437,7.437,6.829
bump_and_run_reversal_bottoms:002063,VSN,ok,data_limited,221.0,48.314,44.497,44.497,32.905
bump_and_run_reversal_bottoms:002064,VSN,ok,data_limited,61.0,37.452,36.172,36.172,30.746
bump_and_run_reversal_bottoms:002065,VSN,ok,data_limited,28.0,35.439,32.217,32.217,27.891
bump_and_run_reversal_bottoms:002066,VSN,ok,data_limited,4.0,25.682,25.498,25.498,22.552
bump_and_run_reversal_bottoms:002067,VSN,no_pivot_fits_lead_in,premium,,,22.335,22.335,16.023
bump_and_run_reversal_bottoms:002068,VSN,ok,data_limited,9.0,17.771,17.383,17.383,15.5
bump_and_run_reversal_bottoms:002069,VST,no_pivot_fits_lead_in,standard,,,4.4,4.4,2.9
bump_and_run_reversal_bottoms:002070,VST,ok,data_limited,62.0,1.1,1.0,1.0,0.8
bump_and_run_reversal_bottoms:002071,VST,ok,data_limited,62.0,4.0,3.4,3.4,2.6
bump_and_run_reversal_bottoms:002072,VST,ok,data_limited,149.0,4.5,3.2,3.2,2.8
bump_and_run_reversal_bottoms:002073,VST,ok,data_limited,15.0,3.3,3.2,3.2,2.9
bump_and_run_reversal_bottoms:002074,VTA,no_pivot_fits_lead_in,data_limited,,,6.8,6.8,5.9
bump_and_run_reversal_bottoms:002075,VTA,ok,standard,66.0,8.9,7.7,7.7,5.8
bump_and_run_reversal_bottoms:002076,VTA,ok,data_limited,39.0,9.3,7.9,7.9,6.9
bump_and_run_reversal_bottoms:002077,VTA,ok,data_limited,10.0,7.4,4.8,4.8,3.6
bump_and_run_reversal_bottoms:002078,VTA,ok,standard,77.0,7.4,4.1,4.1,3.9
bump_and_run_reversal_bottoms:002079,VTA,ok,data_limited,12.0,4.4,4.2,4.2,3.1
bump_and_run_reversal_bottoms:002080,VTB,no_pivot_fits_lead_in,standard,,,4.654,4.654,3.932
bump_and_run_reversal_bottoms:002081,VTB,ok,standard,83.0,9.749,6.519,6.519,5.897
bump_and_run_reversal_bottoms:002082,VTB,ok,standard,24.0,9.525,9.331,9.331,8.048
bump_and_run_reversal_bottoms:002083,VTC,ok,data_limited,58.0,3.929,3.677,3.677,3.022
bump_and_run_reversal_bottoms:002084,VTD,ok,standard,243.0,12.0,9.3,9.3,8.3
bump_and_run_reversal_bottoms:002085,VTE,ok,data_limited,75.0,5.345,4.276,4.276,3.121
bump_and_run_reversal_bottoms:002086,VTH,ok,data_limited,49.0,9.83,8.27,8.27,6.68
bump_and_run_reversal_bottoms:002087,VTK,ok,data_limited,17.0,15.836,15.048,15.048,12.361
bump_and_run_reversal_bottoms:002088,VTK,no_pivot_fits_lead_in,premium,,,59.615,59.615,42.24
bump_and_run_reversal_bottoms:002089,VTO,no_pivot_fits_lead_in,standard,,,4.306,4.306,3.279
bump_and_run_reversal_bottoms:002090,VTO,ok,standard,30.0,6.475,5.971,5.971,5.11
bump_and_run_reversal_bottoms:002091,VTP,ok,data_limited,8.0,62.118,58.624,58.624,53.4
bump_and_run_reversal_bottoms:002092,VTR,ok,standard,12.0,25.431,24.647,24.647,19.874
bump_and_run_reversal_bottoms:002093,VTR,ok,standard,173.0,18.828,17.652,17.652,16.034
bump_and_run_reversal_bottoms:002094,VTR,ok,standard,9.0,15.254,14.5,14.5,11.6
bump_and_run_reversal_bottoms:002095,VTV,ok,data_limited,86.0,14.516,10.557,10.557,9.369
bump_and_run_reversal_bottoms:002096,VTV,ok,data_limited,7.0,8.391,7.698,7.698,6.62
bump_and_run_reversal_bottoms:002097,VTV,ok,data_limited,99.0,8.711,6.185,6.185,5.14
bump_and_run_reversal_bottoms:002098,VTX,ok,data_limited,5.0,15.487,13.694,13.694,13.86
bump_and_run_reversal_bottoms:002099,VTX,ok,data_limited,24.0,16.548,13.189,13.189,11.761
bump_and_run_reversal_bottoms:002100,VTZ,no_pivot_fits_lead_in,standard,,,10.895,10.895,8.949
bump_and_run_reversal_bottoms:002101,VUA,ok,data_limited,31.0,27.9,21.2,21.2,16.5
bump_and_run_reversal_bottoms:002102,VXB,no_pivot_fits_lead_in,data_limited,,,4.9,4.9,5.1
bump_and_run_reversal_bottoms:002103,WCS,ok,data_limited,30.0,170.721,148.852,148.852,135.432
bump_and_run_reversal_bottoms:002104,WSB,ok,data_limited,3.0,39.163,38.484,38.484,33.881
bump_and_run_reversal_bottoms:002105,WSS,ok,standard,9.0,8.0,7.5,7.5,6.3
bump_and_run_reversal_bottoms:002106,WTC,ok,premium,3.0,37.486,34.843,34.843,27.75
bump_and_run_reversal_bottoms:002107,WTC,no_pivot_fits_lead_in,data_limited,,,14.061,14.061,11.316
bump_and_run_reversal_bottoms:002108,X20,cut_by_search_cap,data_limited,,,5.995,5.995,6.513
bump_and_run_reversal_bottoms:002109,XDH,ok,data_limited,65.0,20.71,18.3,18.3,17.0
bump_and_run_reversal_bottoms:002110,XHC,ok,data_limited,76.0,28.223,20.026,20.026,16.646
bump_and_run_reversal_bottoms:002111,XPH,ok,data_limited,20.0,10.8,9.0,9.0,7.9
bump_and_run_reversal_bottoms:002112,XPH,no_pivot_fits_lead_in,standard,,,7.3,7.3,5.8
bump_and_run_reversal_bottoms:002113,XPH,ok,data_limited,93.0,12.5,10.9,10.9,8.6
bump_and_run_reversal_bottoms:002114,YBC,ok,data_limited,98.0,25.0,13.2,13.2,11.2
bump_and_run_reversal_bottoms:002115,YBM,ok,standard,49.0,13.66,9.374,9.374,7.819
bump_and_run_reversal_bottoms:002116,YEG,no_pivot_fits_lead_in,premium,,,153.061,153.061,121.359
